{
  "accuracy": 0.707,
  "macro_f1": 0.7067271209251962,
  "weighted_f1": 0.7067271209251962,
  "classification_report": {
    "airplane": {
      "precision": 0.8695652173913043,
      "recall": 0.8,
      "f1-score": 0.8333333333333334,
      "support": 100.0
    },
    "bird": {
      "precision": 0.63,
      "recall": 0.63,
      "f1-score": 0.63,
      "support": 100.0
    },
    "car": {
      "precision": 0.8913043478260869,
      "recall": 0.82,
      "f1-score": 0.8541666666666666,
      "support": 100.0
    },
    "cat": {
      "precision": 0.5607476635514018,
      "recall": 0.6,
      "f1-score": 0.5797101449275363,
      "support": 100.0
    },
    "deer": {
      "precision": 0.6893203883495146,
      "recall": 0.71,
      "f1-score": 0.6995073891625616,
      "support": 100.0
    },
    "dog": {
      "precision": 0.5180722891566265,
      "recall": 0.43,
      "f1-score": 0.46994535519125685,
      "support": 100.0
    },
    "horse": {
      "precision": 0.7403846153846154,
      "recall": 0.77,
      "f1-score": 0.7549019607843137,
      "support": 100.0
    },
    "monkey": {
      "precision": 0.6036036036036037,
      "recall": 0.67,
      "f1-score": 0.6350710900473934,
      "support": 100.0
    },
    "ship": {
      "precision": 0.8681318681318682,
      "recall": 0.79,
      "f1-score": 0.8272251308900523,
      "support": 100.0
    },
    "truck": {
      "precision": 0.7264957264957265,
      "recall": 0.85,
      "f1-score": 0.783410138248848,
      "support": 100.0
    },
    "accuracy": 0.707,
    "macro avg": {
      "precision": 0.7097625719890748,
      "recall": 0.707,
      "f1-score": 0.7067271209251962,
      "support": 1000.0
    },
    "weighted avg": {
      "precision": 0.7097625719890748,
      "recall": 0.707,
      "f1-score": 0.7067271209251962,
      "support": 1000.0
    }
  },
  "confusion_matrix": [
    [
      80,
      4,
      0,
      0,
      0,
      0,
      3,
      0,
      7,
      6
    ],
    [
      3,
      63,
      0,
      14,
      2,
      4,
      3,
      9,
      2,
      0
    ],
    [
      1,
      2,
      82,
      0,
      1,
      0,
      3,
      0,
      1,
      10
    ],
    [
      0,
      8,
      0,
      60,
      8,
      11,
      0,
      11,
      1,
      1
    ],
    [
      0,
      6,
      2,
      6,
      71,
      6,
      4,
      4,
      0,
      1
    ],
    [
      0,
      5,
      0,
      17,
      12,
      43,
      9,
      14,
      0,
      0
    ],
    [
      1,
      3,
      1,
      1,
      4,
      7,
      77,
      4,
      0,
      2
    ],
    [
      0,
      5,
      0,
      9,
      3,
      12,
      3,
      67,
      0,
      1
    ],
    [
      5,
      2,
      1,
      0,
      2,
      0,
      0,
      0,
      79,
      11
    ],
    [
      2,
      2,
      6,
      0,
      0,
      0,
      2,
      2,
      1,
      85
    ]
  ],
  "ckpt": "outputs_improved/exp5_best_combo/checkpoints/exp5_best_combo_best.pth",
  "model_name": "configurable",
  "use_bn": true,
  "dropout": 0.3,
  "optimizer": "adamw",
  "lr": 0.0008
}