{
  "train_loss": [
    2.4239208907172793,
    1.7064885426324512,
    1.564214268790351,
    1.487010857264201,
    1.4254553221899366,
    1.378558961399018,
    1.3117278520644657,
    1.2789701236997333,
    1.2353873080299014,
    1.2051233673852588,
    1.1859114680971419,
    1.1475096866062708,
    1.104761308715457,
    1.086891874434456,
    1.0731241653835963,
    1.0249614526355078,
    1.0175375111140903,
    0.9970747744469416,
    0.9746624129915994,
    0.9689868821795025,
    0.9567566187041147,
    0.9359666039451721,
    0.918214869234297,
    0.9027742892976791,
    0.904742857085334,
    0.8883668706530616,
    0.8698999894989862,
    0.8594726526169549,
    0.8439938082770696,
    0.8274534707599216,
    0.7973221339119805,
    0.7976221231808738,
    0.7697516869363331,
    0.789515443453713,
    0.7690631385455056,
    0.761286727587382,
    0.7477862626787216,
    0.7271915770712353,
    0.7420399179534306,
    0.7276864547199673,
    0.718259734956045,
    0.7075106341498238,
    0.7148787616169642,
    0.7079850078385974,
    0.7058796308911036,
    0.6990701491870578,
    0.6982124696459089,
    0.703783210005079,
    0.6966492546550811,
    0.6926664104915801
  ],
  "val_loss": [
    1.7367976181847709,
    1.5439931971686227,
    1.4331758001872472,
    1.382277477809361,
    1.2854080649784634,
    1.274580112865993,
    1.254489278793335,
    1.236640761920384,
    1.2162329517092023,
    1.1855904694965909,
    1.1414809226989746,
    1.1139503942217146,
    1.0725676577431815,
    0.9979467821121216,
    1.0546898909977505,
    0.9865586934770857,
    0.9990565620149885,
    0.9468919989040919,
    0.9180111905506679,
    0.9366328287124633,
    0.9008934429713658,
    0.8944903826713562,
    0.8881624790600368,
    0.9219302422659738,
    0.8727473620006017,
    0.8809603067806789,
    0.8762171983718872,
    0.8618213088171822,
    0.8711947907720293,
    0.8481150882584708,
    0.8525757762363979,
    0.8072811225482396,
    0.8106171941757202,
    0.7871016778264727,
    0.8137696153776987,
    0.8139438288552421,
    0.7914862091200693,
    0.7919306986672537,
    0.7911966834749494,
    0.7727046877997262,
    0.7702072511400495,
    0.7684035355704172,
    0.7653030398913793,
    0.7667945374761309,
    0.7637495824268886,
    0.7641483671324594,
    0.7656762303624834,
    0.7610282731056214,
    0.7613600417545864,
    0.762210669517517
  ],
  "train_acc": [
    25.22222222222222,
    35.0,
    40.0,
    42.34920634920635,
    45.34920634920635,
    48.61904761904762,
    50.142857142857146,
    51.34920634920635,
    54.111111111111114,
    55.04761904761905,
    55.682539682539684,
    56.142857142857146,
    58.26984126984127,
    59.73015873015873,
    59.95238095238095,
    61.523809523809526,
    62.095238095238095,
    62.77777777777778,
    63.23809523809524,
    64.2063492063492,
    64.6984126984127,
    65.42857142857143,
    65.87301587301587,
    66.68253968253968,
    66.61904761904762,
    66.55555555555556,
    67.58730158730158,
    67.96825396825396,
    68.60317460317461,
    69.04761904761905,
    69.63492063492063,
    69.63492063492063,
    71.46031746031746,
    71.55555555555556,
    71.71428571428571,
    72.36507936507937,
    72.07936507936508,
    73.73015873015873,
    73.23809523809524,
    73.33333333333333,
    73.33333333333333,
    73.46031746031746,
    73.5079365079365,
    73.71428571428571,
    73.7936507936508,
    74.3015873015873,
    73.92063492063492,
    73.58730158730158,
    74.66666666666667,
    74.66666666666667
  ],
  "val_acc": [
    34.42857142857143,
    39.57142857142857,
    45.857142857142854,
    46.714285714285715,
    53.285714285714285,
    52.857142857142854,
    54.57142857142857,
    56.57142857142857,
    57.714285714285715,
    59.285714285714285,
    60.42857142857143,
    62.285714285714285,
    62.857142857142854,
    66.28571428571429,
    61.285714285714285,
    66.85714285714286,
    62.57142857142857,
    67.57142857142857,
    67.85714285714286,
    68.28571428571429,
    69.57142857142857,
    69.85714285714286,
    69.42857142857143,
    69.85714285714286,
    68.57142857142857,
    70.0,
    69.14285714285714,
    71.0,
    70.71428571428571,
    70.71428571428571,
    70.57142857142857,
    73.71428571428571,
    72.14285714285714,
    73.0,
    70.0,
    72.28571428571429,
    72.28571428571429,
    74.0,
    72.71428571428571,
    73.42857142857143,
    73.42857142857143,
    74.14285714285714,
    75.0,
    73.28571428571429,
    73.42857142857143,
    73.85714285714286,
    74.14285714285714,
    73.57142857142857,
    73.71428571428571,
    73.71428571428571
  ],
  "lr": [
    0.0008,
    0.0007992106913713087,
    0.0007968458805257912,
    0.0007929149002914755,
    0.0007874332644514524,
    0.0007804226065180615,
    0.0007719105943553005,
    0.0007619308209864078,
    0.0007505226720175453,
    0.000737731170200806,
    0.0007236067977499788,
    0.0007082052971103156,
    0.0006915874509685645,
    0.0006738188423714754,
    0.0006549695958994757,
    0.0006351141009169893,
    0.0006143307179915985,
    0.000592701469640686,
    0.0005703117166260289,
    0.0005472498210738711,
    0.0005236067977499788,
    0.0004994759548659417,
    0.0004749525258342898,
    0.0004501332934257217,
    0.00042511620781172525,
    0.00039999999999999986,
    0.0003748837921882745,
    0.0003498667065742782,
    0.00032504747416571,
    0.00030052404513405793,
    0.00027639320225002103,
    0.00025275017892612884,
    0.00022968828337397085,
    0.00020729853035931375,
    0.00018566928200840118,
    0.0001648858990830107,
    0.00014503040410052402,
    0.00012618115762852444,
    0.0001084125490314354,
    9.179470288968429e-05,
    7.639320225002101e-05,
    6.226882979919402e-05,
    4.947732798245454e-05,
    3.806917901359224e-05,
    2.8089405644699442e-05,
    1.9577393481938573e-05,
    1.2566735548547604e-05,
    7.085099708524505e-06,
    3.154119474208891e-06,
    7.893086286913758e-07
  ]
}