{
  "accuracy": 0.773,
  "macro_f1": 0.7744242259672945,
  "weighted_f1": 0.7744242259672944,
  "classification_report": {
    "airplane": {
      "precision": 0.7946428571428571,
      "recall": 0.89,
      "f1-score": 0.839622641509434,
      "support": 100.0
    },
    "bird": {
      "precision": 0.7227722772277227,
      "recall": 0.73,
      "f1-score": 0.7263681592039801,
      "support": 100.0
    },
    "car": {
      "precision": 0.86,
      "recall": 0.86,
      "f1-score": 0.86,
      "support": 100.0
    },
    "cat": {
      "precision": 0.6448598130841121,
      "recall": 0.69,
      "f1-score": 0.6666666666666666,
      "support": 100.0
    },
    "deer": {
      "precision": 0.8041237113402062,
      "recall": 0.78,
      "f1-score": 0.7918781725888325,
      "support": 100.0
    },
    "dog": {
      "precision": 0.5794392523364486,
      "recall": 0.62,
      "f1-score": 0.5990338164251208,
      "support": 100.0
    },
    "horse": {
      "precision": 0.872093023255814,
      "recall": 0.75,
      "f1-score": 0.8064516129032258,
      "support": 100.0
    },
    "monkey": {
      "precision": 0.7,
      "recall": 0.7,
      "f1-score": 0.7,
      "support": 100.0
    },
    "ship": {
      "precision": 0.9642857142857143,
      "recall": 0.81,
      "f1-score": 0.8804347826086957,
      "support": 100.0
    },
    "truck": {
      "precision": 0.8490566037735849,
      "recall": 0.9,
      "f1-score": 0.8737864077669902,
      "support": 100.0
    },
    "accuracy": 0.773,
    "macro avg": {
      "precision": 0.779127325244646,
      "recall": 0.773,
      "f1-score": 0.7744242259672945,
      "support": 1000.0
    },
    "weighted avg": {
      "precision": 0.779127325244646,
      "recall": 0.773,
      "f1-score": 0.7744242259672944,
      "support": 1000.0
    }
  },
  "confusion_matrix": [
    [
      89,
      5,
      2,
      0,
      0,
      1,
      0,
      0,
      2,
      1
    ],
    [
      6,
      73,
      2,
      8,
      1,
      2,
      2,
      5,
      0,
      1
    ],
    [
      4,
      3,
      86,
      0,
      0,
      1,
      1,
      0,
      0,
      5
    ],
    [
      0,
      7,
      0,
      69,
      3,
      13,
      0,
      8,
      0,
      0
    ],
    [
      0,
      3,
      1,
      4,
      78,
      7,
      3,
      3,
      0,
      1
    ],
    [
      1,
      1,
      1,
      12,
      8,
      62,
      2,
      11,
      0,
      2
    ],
    [
      2,
      2,
      3,
      1,
      5,
      9,
      75,
      2,
      0,
      1
    ],
    [
      0,
      2,
      0,
      13,
      1,
      12,
      2,
      70,
      0,
      0
    ],
    [
      9,
      3,
      0,
      0,
      1,
      0,
      1,
      0,
      81,
      5
    ],
    [
      1,
      2,
      5,
      0,
      0,
      0,
      0,
      1,
      1,
      90
    ]
  ],
  "ckpt": "outputs_improved_e100/exp9_aug_bn_15conv_e100p20/checkpoints/exp9_aug_bn_15conv_e100p20_best.pth",
  "model_name": "configurable_15conv",
  "use_bn": true,
  "dropout": 0.0,
  "optimizer": "adam",
  "lr": 0.001
}