{
  "train_loss": [
    2.4432395291706874,
    1.8475741188109867,
    1.7403814707862006,
    1.6459601076822432,
    1.6298282267555357,
    1.5359985428764706,
    1.515945178440639,
    1.477142157630315,
    1.4319928834551856,
    1.3962104041235788,
    1.3495881035971262,
    1.3163024887962946,
    1.3060094841699752,
    1.2523376997690352,
    1.1991601635917786,
    1.1888830671613178,
    1.1245643977513389,
    1.112382445638142,
    1.0630662174073477,
    1.0512837842154124,
    0.9872914861497425,
    0.99391432035537,
    0.9772959710681249,
    0.9434965624884953,
    0.9454101346787952,
    0.9127617370514642,
    0.8880557620714581,
    0.854971473292699,
    0.8340447899651906,
    0.7994103180794488,
    0.7778888290647477,
    0.7590785210851639,
    0.7215644109438336,
    0.7162149890642318,
    0.7039284992974902,
    0.7074694539251781,
    0.6637241848309835,
    0.639068121001834,
    0.6429231132779802,
    0.6196877901137822,
    0.5947447901680356,
    0.5608689026605516,
    0.5166248600445097,
    0.5280626583477808,
    0.5492385709096514,
    0.49096370095298403,
    0.47000096604937597,
    0.460149935389322,
    0.466569802950299,
    0.4179016906306857,
    0.4282753814591302,
    0.38189508665175664,
    0.36262302765770565,
    0.35890158327798993,
    0.3502123873195951,
    0.34504520450319565,
    0.32190477117659555,
    0.29743147297511024,
    0.2736440421002252,
    0.24896670528820583,
    0.2515913699354444,
    0.2508077815080446,
    0.2125601122209004,
    0.23346438048377868,
    0.19823032639329397,
    0.17143522290956406,
    0.16990501286491516,
    0.19966008640470959,
    0.17171915487637596,
    0.15447516421477,
    0.14275046374589678,
    0.12630402494990636,
    0.11681847245920272,
    0.123464382092158,
    0.10653521662666685,
    0.08806016412519273,
    0.08920332757016969,
    0.07508541037165929,
    0.0707329330274037,
    0.07317640151296344,
    0.07620748605046954,
    0.06714577386776606,
    0.059384235801204804,
    0.048752432262140606,
    0.05322168001106807,
    0.05373092273398051,
    0.047541384933486815,
    0.04432924428156444,
    0.03841706273811204,
    0.040205081691817635,
    0.03765883845114519,
    0.038443325661004536,
    0.03552491963826238,
    0.03649618773469849,
    0.03253991096206601,
    0.03831783448774663,
    0.03771521222142,
    0.03078150609892512,
    0.03425309503125766,
    0.034790839566183944
  ],
  "val_loss": [
    2.2594220093318396,
    2.338998349053519,
    1.723616942678179,
    1.6618228019986834,
    1.5804264756611415,
    1.5742660978862217,
    1.7445759868621826,
    1.4439128773553032,
    1.5259911271503994,
    1.5561852291652134,
    1.3845332472664968,
    1.3250173439298358,
    1.3653199011938912,
    1.2426666266577584,
    1.6778731891087124,
    1.2413625376565116,
    1.4790709570475986,
    1.25626248223441,
    1.3914814560753959,
    1.154887946673802,
    1.2384365115846907,
    1.0940454605647496,
    1.2826578971317837,
    1.071889590535845,
    0.956154921395438,
    1.2363517842973981,
    1.219633094242641,
    1.1599625042506627,
    1.0147401789256505,
    0.9905205542700631,
    1.219040483066014,
    0.9397841484206063,
    0.8862703428949629,
    1.2598155096599033,
    0.8815694366182599,
    0.846767190865108,
    0.8826093179838997,
    0.8513041087559291,
    0.8114774424689156,
    0.7693150547572545,
    0.951335197857448,
    0.7581778553553989,
    0.9744916037150791,
    0.969886577469962,
    0.8354846164158413,
    1.0464589364188057,
    0.7429183268547058,
    0.7928052037102835,
    0.8667384597233364,
    0.981517687865666,
    0.7450418097632272,
    0.7985451551846096,
    0.8665628279958453,
    0.6847595020702907,
    0.9305513232094901,
    0.7238335054261343,
    0.6936886623927525,
    0.7759848097392491,
    0.8031996015139988,
    0.8271766478674752,
    0.7490380692481995,
    0.8873754623958042,
    0.6956720467976162,
    0.8495623690741403,
    0.7157994760785784,
    0.7498706231798444,
    0.8149508428573609,
    0.7887960389682225,
    0.8865230587550572,
    0.7965603188105992,
    0.8203622852052961,
    0.8259930419921875,
    0.7814254532541548,
    0.8150307382856097,
    0.7884654423168728,
    0.7740837563787187,
    0.7498431808607919,
    0.7634490105084011,
    0.8000258558137077,
    0.7903265963281904,
    0.7972760507038661,
    0.7767939158848354,
    0.7735783590589251,
    0.741146218436105,
    0.8200492715835571,
    0.7625850180217199,
    0.754627115385873,
    0.797289298261915,
    0.7995103876931327,
    0.7893903664180211,
    0.7997520814623151,
    0.7957249399593899,
    0.7964935912404741,
    0.7906115068708147,
    0.7793567981038775,
    0.7937060080255781,
    0.7925158660752433,
    0.7937473225593566,
    0.7880849708829607,
    0.7873962163925171
  ],
  "train_acc": [
    13.968253968253968,
    23.73015873015873,
    28.793650793650794,
    32.95238095238095,
    33.111111111111114,
    37.74603174603175,
    40.12698412698413,
    40.82539682539682,
    43.476190476190474,
    45.142857142857146,
    48.03174603174603,
    49.73015873015873,
    49.285714285714285,
    52.666666666666664,
    55.12698412698413,
    55.23809523809524,
    58.904761904761905,
    58.76190476190476,
    60.15873015873016,
    61.523809523809526,
    63.38095238095238,
    63.03174603174603,
    63.666666666666664,
    65.41269841269842,
    66.04761904761905,
    66.96825396825396,
    67.82539682539682,
    68.65079365079364,
    70.25396825396825,
    71.01587301587301,
    72.33333333333333,
    72.53968253968254,
    74.04761904761905,
    74.07936507936508,
    74.22222222222223,
    75.04761904761905,
    76.15873015873017,
    76.55555555555556,
    76.7936507936508,
    78.0952380952381,
    78.28571428571429,
    80.07936507936508,
    81.96825396825396,
    81.28571428571429,
    80.57142857142857,
    82.26984126984127,
    83.2063492063492,
    83.92063492063492,
    83.71428571428571,
    85.11111111111111,
    85.22222222222223,
    86.23809523809524,
    87.0952380952381,
    87.5079365079365,
    87.76190476190476,
    87.9047619047619,
    88.74603174603175,
    89.5079365079365,
    90.52380952380952,
    91.42857142857143,
    91.46031746031746,
    91.42857142857143,
    92.39682539682539,
    91.58730158730158,
    93.19047619047619,
    94.22222222222223,
    94.07936507936508,
    92.6984126984127,
    94.0952380952381,
    94.74603174603175,
    95.11111111111111,
    95.84126984126983,
    96.0,
    95.6984126984127,
    96.39682539682539,
    97.26984126984127,
    97.04761904761905,
    97.73015873015873,
    97.71428571428571,
    97.65079365079364,
    97.68253968253968,
    98.03174603174604,
    98.22222222222223,
    98.46031746031746,
    98.46031746031746,
    98.3015873015873,
    98.60317460317461,
    98.76190476190476,
    99.0,
    98.93650793650794,
    98.9047619047619,
    99.0,
    98.95238095238095,
    98.95238095238095,
    99.03174603174604,
    98.98412698412699,
    99.0,
    99.3015873015873,
    99.04761904761905,
    98.9047619047619
  ],