{
  "accuracy": 0.683,
  "macro_f1": 0.6858449368940387,
  "weighted_f1": 0.6858449368940388,
  "classification_report": {
    "airplane": {
      "precision": 0.8058252427184466,
      "recall": 0.83,
      "f1-score": 0.8177339901477833,
      "support": 100.0
    },
    "bird": {
      "precision": 0.6428571428571429,
      "recall": 0.63,
      "f1-score": 0.6363636363636364,
      "support": 100.0
    },
    "car": {
      "precision": 0.8404255319148937,
      "recall": 0.79,
      "f1-score": 0.8144329896907216,
      "support": 100.0
    },
    "cat": {
      "precision": 0.5040650406504065,
      "recall": 0.62,
      "f1-score": 0.5560538116591929,
      "support": 100.0
    },
    "deer": {
      "precision": 0.6770833333333334,
      "recall": 0.65,
      "f1-score": 0.6632653061224489,
      "support": 100.0
    },
    "dog": {
      "precision": 0.49557522123893805,
      "recall": 0.56,
      "f1-score": 0.5258215962441315,
      "support": 100.0
    },
    "horse": {
      "precision": 0.7555555555555555,
      "recall": 0.68,
      "f1-score": 0.7157894736842105,
      "support": 100.0
    },
    "monkey": {
      "precision": 0.6593406593406593,
      "recall": 0.6,
      "f1-score": 0.6282722513089005,
      "support": 100.0
    },
    "ship": {
      "precision": 0.8021978021978022,
      "recall": 0.73,
      "f1-score": 0.7643979057591623,
      "support": 100.0
    },
    "truck": {
      "precision": 0.7326732673267327,
      "recall": 0.74,
      "f1-score": 0.736318407960199,
      "support": 100.0
    },
    "accuracy": 0.683,
    "macro avg": {
      "precision": 0.6915598797133911,
      "recall": 0.683,
      "f1-score": 0.6858449368940387,
      "support": 1000.0
    },
    "weighted avg": {
      "precision": 0.6915598797133911,
      "recall": 0.683,
      "f1-score": 0.6858449368940388,
      "support": 1000.0
    }
  },
  "confusion_matrix": [
    [
      83,
      3,
      0,
      0,
      1,
      0,
      2,
      1,
      3,
      7
    ],
    [
      2,
      63,
      1,
      13,
      2,
      15,
      1,
      2,
      1,
      0
    ],
    [
      1,
      2,
      79,
      2,
      1,
      1,
      1,
      0,
      4,
      9
    ],
    [
      1,
      9,
      1,
      62,
      9,
      13,
      0,
      5,
      0,
      0
    ],
    [
      0,
      5,
      2,
      9,
      65,
      6,
      5,
      7,
      0,
      1
    ],
    [
      0,
      3,
      0,
      17,
      6,
      56,
      7,
      10,
      1,
      0
    ],
    [
      1,
      4,
      1,
      4,
      4,
      11,
      68,
      4,
      0,
      3
    ],
    [
      1,
      4,
      0,
      12,
      7,
      11,
      5,
      60,
      0,
      0
    ],
    [
      12,
      2,
      2,
      3,
      0,
      0,
      0,
      1,
      73,
      7
    ],
    [
      2,
      3,
      8,
      1,
      1,
      0,
      1,
      1,
      9,
      74
    ]
  ],
  "ckpt": "outputs_improved_convergence/exp1_aug_conv150/checkpoints/exp1_aug_conv150_best.pth",
  "model_name": "baseline",
  "use_bn": false,
  "dropout": 0.0,
  "optimizer": "adam",
  "lr": 0.001
}