{
  "accuracy": 0.722,
  "macro_f1": 0.7238509009009952,
  "weighted_f1": 0.7238509009009951,
  "classification_report": {
    "airplane": {
      "precision": 0.782608695652174,
      "recall": 0.9,
      "f1-score": 0.8372093023255814,
      "support": 100.0
    },
    "bird": {
      "precision": 0.7333333333333333,
      "recall": 0.66,
      "f1-score": 0.6947368421052632,
      "support": 100.0
    },
    "car": {
      "precision": 0.8469387755102041,
      "recall": 0.83,
      "f1-score": 0.8383838383838383,
      "support": 100.0
    },
    "cat": {
      "precision": 0.5504587155963303,
      "recall": 0.6,
      "f1-score": 0.5741626794258373,
      "support": 100.0
    },
    "deer": {
      "precision": 0.8045977011494253,
      "recall": 0.7,
      "f1-score": 0.7486631016042781,
      "support": 100.0
    },
    "dog": {
      "precision": 0.5238095238095238,
      "recall": 0.55,
      "f1-score": 0.5365853658536586,
      "support": 100.0
    },
    "horse": {
      "precision": 0.8089887640449438,
      "recall": 0.72,
      "f1-score": 0.7619047619047619,
      "support": 100.0
    },
    "monkey": {
      "precision": 0.6031746031746031,
      "recall": 0.76,
      "f1-score": 0.672566371681416,
      "support": 100.0
    },
    "ship": {
      "precision": 0.8125,
      "recall": 0.78,
      "f1-score": 0.7959183673469388,
      "support": 100.0
    },
    "truck": {
      "precision": 0.8470588235294118,
      "recall": 0.72,
      "f1-score": 0.7783783783783784,
      "support": 100.0
    },
    "accuracy": 0.722,
    "macro avg": {
      "precision": 0.7313468935799949,
      "recall": 0.7220000000000001,
      "f1-score": 0.7238509009009952,
      "support": 1000.0
    },
    "weighted avg": {
      "precision": 0.7313468935799949,
      "recall": 0.722,
      "f1-score": 0.7238509009009951,
      "support": 1000.0
    }
  },
  "confusion_matrix": [
    [
      90,
      0,
      0,
      1,
      2,
      1,
      0,
      0,
      2,
      4
    ],
    [
      5,
      66,
      1,
      8,
      1,
      8,
      2,
      8,
      1,
      0
    ],
    [
      1,
      2,
      83,
      2,
      1,
      2,
      1,
      1,
      2,
      5
    ],
    [
      1,
      10,
      0,
      60,
      4,
      9,
      0,
      13,
      3,
      0
    ],
    [
      1,
      3,
      0,
      8,
      70,
      10,
      3,
      4,
      0,
      1
    ],
    [
      0,
      1,
      0,
      18,
      4,
      55,
      7,
      15,
      0,
      0
    ],
    [
      2,
      1,
      2,
      2,
      3,
      11,
      72,
      7,
      0,
      0
    ],
    [
      1,
      3,
      0,
      7,
      1,
      9,
      3,
      76,
      0,
      0
    ],
    [
      12,
      3,
      1,
      2,
      1,
      0,
      0,
      0,
      78,
      3
    ],
    [
      2,
      1,
      11,
      1,
      0,
      0,
      1,
      2,
      10,
      72
    ]
  ],
  "ckpt": "outputs_improved_e100/exp3_aug_dropout_e100p20/checkpoints/exp3_aug_dropout_e100p20_best.pth",
  "model_name": "configurable",
  "use_bn": false,
  "dropout": 0.3,
  "optimizer": "adam",
  "lr": 0.001
}