{
  "train_loss": [
    1.934030852999006,
    1.595762446570018,
    1.479969637356107,
    1.363858901205517,
    1.3082383121762957,
    1.2479606253003317,
    1.2111362822850544,
    1.1615235933046493,
    1.0822576676474678,
    1.072267509036594,
    1.0363301968196081,
    0.9951118426095872,
    0.9384730053704883,
    0.9293082543781825,
    0.9075868766648428,
    0.8540759556255644,
    0.8497016717895629,
    0.821395979911562,
    0.8002138168849642,
    0.7788586960898505,
    0.7604305049351283,
    0.7463730381783985,
    0.7347101056764996,
    0.6944201909549652,
    0.6686535457202366,
    0.6760018174231999,
    0.6839415341331845,
    0.6230772201220195,
    0.6123440873055231,
    0.6114328675043015,
    0.5945544488089425,
    0.573611372482209,
    0.5556380128482031,
    0.5266669171575517,
    0.5253822871995351,
    0.5109832476812696,
    0.4969439209453643,
    0.48732271697786117,
    0.4871633333819253,
    0.46570007766996113,
    0.4274748205192505,
    0.4409943741465372,
    0.4271017426914639,
    0.40765133829343886,
    0.4026657107898167,
    0.3947667386418297,
    0.380579823965118,
    0.3713069785587371,
    0.3532288188215286,
    0.3503028785236298,
    0.36214485907365407,
    0.3303875203548916,
    0.3119056995236684,
    0.3148363573967464,
    0.2912907708069635,
    0.2780631526689681,
    0.26873931880981206,
    0.27928205232771613,
    0.273623386924229,
    0.25983169988034266,
    0.26114135477277967,
    0.23954031106025453,
    0.24824936318965185,
    0.23376745123711842,
    0.233066141397234,
    0.23288918494232116,
    0.21960246572418818,
    0.21523213675097813,
    0.20854014849852,
    0.19540247165967548,
    0.1984234277218107,
    0.1997425598662997,
    0.18890658126937018,
    0.1909968740599496,
    0.17897694758006505,
    0.17672081962464348,
    0.16992228811695462,
    0.16591546775802735,
    0.1697970618993517,
    0.1613588993700724,
    0.14445772192780934,
    0.15101221873646692,
    0.1603442302582756,
    0.15225592052652723,
    0.1465405728608843,
    0.14394499926340013,
    0.15075619122338674,
    0.14092676017965589
  ],
  "val_loss": [
    1.5586199508394514,
    1.4514070722035,
    1.3102252558299474,
    1.2838348048073904,
    1.2289940520695277,
    1.191706337928772,
    1.1497434765951975,
    1.1160575655528477,
    1.0966436052322388,
    1.0704041392462593,
    1.046347656931196,
    1.022118432181222,
    0.9916795716966902,
    0.9955497346605573,
    0.9242017238480704,
    0.9604180615288871,
    0.9959217020443507,
    0.9147014307975769,
    0.8972553409848895,
    0.927527677331652,
    0.8768799706867763,
    0.8805562656266349,
    0.9138602696146284,
    0.8847545787266322,
    0.8800058429581779,
    0.8956737334387643,
    0.8874671220779419,
    0.8859633592196873,
    0.8767014346803937,
    0.8537601975032262,
    0.9029720902442933,
    0.8892014459201267,
    0.8948612775121416,
    0.8634415173530579,
    0.8848184623037065,
    0.8551983404159545,
    0.8699004473005022,
    0.8593519575255257,
    0.9077679201534816,
    0.8825610647882735,
    0.9373380167143686,
    0.8926073575019836,
    0.8843177206175667,
    0.863056743485587,
    0.8508397415706089,
    0.8700116218839373,
    0.9402873243604387,
    0.9042524130003793,
    0.9318729618617466,
    0.9450699874332973,
    0.9367535672869001,
    0.9376576941353935,
    0.9449215197563171,
    1.0003294740404403,
    0.9600997161865235,
    0.9271959750992911,
    0.9357191402571542,
    0.9589371074948992,
    0.9371185118811471,
    0.9332418162482126,
    0.9228611036709377,
    0.9677723291942052,
    0.9157655606951033,
    0.9549298879078456,
    0.9449879693984985,
    0.9886787830080305,
    0.9513101530075073,
    0.9837968063354492,
    0.9768168490273612,
    0.9960661227362496,
    1.0022335972104754,
    0.9717248957497733,
    1.020042143549238,
    0.9605694205420358,
    0.9657565947941371,
    0.984616471699306,
    0.9721244253431047,
    0.9825153166907175,
    1.0077517196110317,
    1.0069202859061106,
    0.9960857173374721,
    1.0007976593290056,
    0.9855190631321499,
    0.9922955281393868,
    0.9992597614015851,
    0.9902167681285313,
    0.9967879247665405,
    1.0062930270603725
  ],
  "train_acc": [
    27.650793650793652,
    39.904761904761905,
    45.07936507936508,
    49.58730158730159,
    51.857142857142854,
    54.698412698412696,
    55.55555555555556,
    57.666666666666664,
    60.23809523809524,
    61.698412698412696,
    62.80952380952381,
    63.42857142857143,
    65.5079365079365,
    66.92063492063492,
    67.07936507936508,
    69.23809523809524,
    69.11111111111111,
    70.47619047619048,
    71.44444444444444,
    71.80952380952381,
    73.22222222222223,
    73.22222222222223,
    73.77777777777777,
    74.76190476190476,
    75.93650793650794,
    75.15873015873017,
    76.0952380952381,
    77.31746031746032,
    77.9047619047619,
    78.38095238095238,
    78.4920634920635,
    79.82539682539682,
    79.76190476190476,
    81.53968253968254,
    80.92063492063492,
    81.36507936507937,
    82.11111111111111,
    82.95238095238095,
    82.15873015873017,
    83.58730158730158,
    85.19047619047619,
    84.41269841269842,
    85.25396825396825,
    85.9047619047619,
    85.63492063492063,
    85.88888888888889,
    86.39682539682539,
    86.74603174603175,
    87.19047619047619,
    87.80952380952381,
    87.41269841269842,
    88.33333333333333,
    89.25396825396825,
    88.93650793650794,
    89.7936507936508,
    90.44444444444444,
    90.57142857142857,
    90.3015873015873,
    90.53968253968254,
    91.06349206349206,
    90.82539682539682,
    91.6984126984127,
    91.60317460317461,
    92.06349206349206,
    92.04761904761905,
    91.88888888888889,
    92.77777777777777,
    93.12698412698413,
    93.0952380952381,
    93.65079365079364,
    93.25396825396825,
    93.41269841269842,
    93.71428571428571,
    93.74603174603175,
    93.7936507936508,
    94.12698412698413,
    94.80952380952381,
    94.36507936507937,
    94.53968253968254,
    95.06349206349206,
    95.15873015873017,
    95.2063492063492,
    94.9047619047619,
    95.04761904761905,
    95.42857142857143,
    95.46031746031746,
    95.03174603174604,
    95.47619047619048
  ],