{
  "accuracy": 0.69,
  "macro_f1": 0.6917536015988195,
  "weighted_f1": 0.6917536015988196,
  "classification_report": {
    "airplane": {
      "precision": 0.8217821782178217,
      "recall": 0.83,
      "f1-score": 0.8258706467661692,
      "support": 100.0
    },
    "bird": {
      "precision": 0.6382978723404256,
      "recall": 0.6,
      "f1-score": 0.6185567010309279,
      "support": 100.0
    },
    "car": {
      "precision": 0.8404255319148937,
      "recall": 0.79,
      "f1-score": 0.8144329896907216,
      "support": 100.0
    },
    "cat": {
      "precision": 0.5118110236220472,
      "recall": 0.65,
      "f1-score": 0.5726872246696035,
      "support": 100.0
    },
    "deer": {
      "precision": 0.7362637362637363,
      "recall": 0.67,
      "f1-score": 0.7015706806282722,
      "support": 100.0
    },
    "dog": {
      "precision": 0.5196078431372549,
      "recall": 0.53,
      "f1-score": 0.5247524752475248,
      "support": 100.0
    },
    "horse": {
      "precision": 0.719626168224299,
      "recall": 0.77,
      "f1-score": 0.7439613526570048,
      "support": 100.0
    },
    "monkey": {
      "precision": 0.6593406593406593,
      "recall": 0.6,
      "f1-score": 0.6282722513089005,
      "support": 100.0
    },
    "ship": {
      "precision": 0.8313253012048193,
      "recall": 0.69,
      "f1-score": 0.7540983606557377,
      "support": 100.0
    },
    "truck": {
      "precision": 0.7,
      "recall": 0.77,
      "f1-score": 0.7333333333333333,
      "support": 100.0
    },
    "accuracy": 0.69,
    "macro avg": {
      "precision": 0.6978480314265958,
      "recall": 0.6900000000000001,
      "f1-score": 0.6917536015988195,
      "support": 1000.0
    },
    "weighted avg": {
      "precision": 0.6978480314265958,
      "recall": 0.69,
      "f1-score": 0.6917536015988196,
      "support": 1000.0
    }
  },
  "confusion_matrix": [
    [
      83,
      3,
      0,
      1,
      1,
      0,
      2,
      0,
      4,
      6
    ],
    [
      3,
      60,
      1,
      17,
      4,
      6,
      5,
      3,
      1,
      0
    ],
    [
      1,
      1,
      79,
      2,
      1,
      1,
      2,
      1,
      2,
      10
    ],
    [
      0,
      11,
      1,
      65,
      5,
      8,
      1,
      7,
      2,
      0
    ],
    [
      0,
      5,
      1,
      8,
      67,
      9,
      5,
      3,
      0,
      2
    ],
    [
      1,
      1,
      0,
      19,
      6,
      53,
      9,
      10,
      0,
      1
    ],
    [
      1,
      2,
      1,
      2,
      2,
      9,
      77,
      4,
      0,
      2
    ],
    [
      0,
      7,
      0,
      10,
      3,
      16,
      4,
      60,
      0,
      0
    ],
    [
      10,
      2,
      2,
      2,
      2,
      0,
      0,
      1,
      69,
      12
    ],
    [
      2,
      2,
      9,
      1,
      0,
      0,
      2,
      2,
      5,
      77
    ]
  ],
  "ckpt": "outputs_improved/exp3_aug_dropout/checkpoints/exp3_aug_dropout_best.pth",
  "model_name": "configurable",
  "use_bn": false,
  "dropout": 0.3,
  "optimizer": "adam",
  "lr": 0.001
}