{
  "train_loss": [
    1.9341327741410996,
    1.598577605277773,
    1.4895933298080686,
    1.365097526595706,
    1.3049732505707514,
    1.246344462652055,
    1.2091524279306805,
    1.1609299474670773,
    1.0855355342229207,
    1.0768031867345174,
    1.0289015318855406,
    1.0053834195364089,
    0.9399231165174454,
    0.9298193517563835,
    0.8885774892852419,
    0.85084136993166,
    0.8295267338979812,
    0.8062153264832875,
    0.7976547048962306,
    0.7611682530433412,
    0.7398566349725875,
    0.7083748450733367,
    0.6933166136628105,
    0.6617926887481932,
    0.6185730711997501,
    0.6409848621534923,
    0.6114776883428059,
    0.5870689920016697,
    0.5717234973301963,
    0.5371979275203886,
    0.5248701783210512,
    0.5142791069310809,
    0.49744627712264894,
    0.4861000384603228,
    0.46333256488754637,
    0.45406729225128417,
    0.43744001064981736,
    0.4217870247742486,
    0.4321812771615528,
    0.4107197060282268,
    0.3911027340472691,
    0.3901903808306134,
    0.38739556655051216,
    0.3856677799943894,
    0.3629940143464104,
    0.3682486745478615,
    0.3647963195376926,
    0.36722425532719444
  ],
  "val_loss": [
    1.5618760102135794,
    1.452278310911996,
    1.301166548047747,
    1.2849389144352503,
    1.1982900612694876,
    1.1867364427021572,
    1.1339067452294487,
    1.1067800562722343,
    1.0861480058942523,
    1.0713439512252807,
    1.0746325288500105,
    1.023501294681004,
    0.9853591333116803,
    0.9757912043162754,
    0.9158686361994062,
    0.9668634043421064,
    0.9525571530205863,
    0.915618314743042,
    0.8770308297021049,
    0.9218649462291173,
    0.8450851198605128,
    0.8707616761752537,
    0.8784890682356699,
    0.8778681084087917,
    0.8795253164427621,
    0.8603548966135297,
    0.8167676833697728,
    0.8427563439096724,
    0.8344800213405065,
    0.8418404126167297,
    0.8430333433832441,
    0.8545367939131601,
    0.854796313217708,
    0.8363414059366499,
    0.8405668251855033,
    0.8117158678599766,
    0.828687334401267,
    0.8199519562721252,
    0.8281446215084621,
    0.8354050305911472,
    0.8381935341017587,
    0.8344814790998186,
    0.8278913661411831,
    0.8209086854117257,
    0.8305438474246434,
    0.8355150338581631,
    0.8304875220571245,
    0.8286011450631278
  ],
  "train_acc": [
    27.634920634920636,
    39.6031746031746,
    44.34920634920635,
    49.01587301587302,
    52.06349206349206,
    54.34920634920635,
    55.57142857142857,
    57.82539682539682,
    60.3968253968254,
    61.23809523809524,
    62.682539682539684,
    63.22222222222222,
    65.33333333333333,
    67.17460317460318,
    67.22222222222223,
    69.17460317460318,
    69.74603174603175,
    71.58730158730158,
    71.0952380952381,
    72.73015873015873,
    73.44444444444444,
    74.95238095238095,
    75.5079365079365,
    76.82539682539682,
    78.47619047619048,
    76.88888888888889,
    78.23809523809524,
    79.19047619047619,
    79.46031746031746,
    81.19047619047619,
    80.87301587301587,
    82.01587301587301,
    82.41269841269842,
    83.0952380952381,
    83.39682539682539,
    83.44444444444444,
    85.0,
    85.73015873015873,
    84.63492063492063,
    86.01587301587301,
    86.47619047619048,
    86.31746031746032,
    86.80952380952381,
    86.66666666666667,
    87.74603174603175,
    87.06349206349206,
    87.19047619047619,
    87.74603174603175
  ],
  "val_acc": [
    43.0,
    46.0,
    54.142857142857146,
    51.714285714285715,
    56.285714285714285,
    58.0,
    57.857142857142854,
    59.57142857142857,
    60.857142857142854,
    61.285714285714285,
    60.42857142857143,
    62.714285714285715,
    64.57142857142857,
    63.857142857142854,
    67.71428571428571,
    64.85714285714286,
    64.85714285714286,
    68.85714285714286,
    69.85714285714286,
    69.0,
    70.14285714285714,
    70.28571428571429,
    70.57142857142857,
    70.0,
    69.85714285714286,
    69.85714285714286,
    71.71428571428571,
    71.0,
    71.42857142857143,
    71.28571428571429,
    71.42857142857143,
    71.42857142857143,
    72.0,
    71.28571428571429,
    72.0,
    72.57142857142857,
    73.0,
    72.71428571428571,
    72.57142857142857,
    74.14285714285714,
    72.71428571428571,
    72.71428571428571,
    73.0,
    73.0,
    73.0,
    73.42857142857143,
    73.28571428571429,
    73.71428571428571
  ],
  "lr": [
    0.001,
    0.0009990133642141358,
    0.000996057350657239,
    0.0009911436253643444,
    0.0009842915805643156,
    0.0009755282581475769,
    0.0009648882429441258,
    0.0009524135262330099,
    0.0009381533400219318,
    0.0009221639627510075,
    0.0009045084971874736,
    0.0008852566213878945,
    0.0008644843137107056,
    0.0008422735529643443,
    0.0008187119948743448,
    0.0007938926261462366,
    0.0007679133974894982,
    0.0007408768370508576,
    0.0007128896457825362,
    0.0006840622763423389,
    0.0006545084971874735,
    0.0006243449435824271,
    0.0005936906572928622,
    0.000562666616782152,
    0.0005313952597646566,
    0.0004999999999999998,
    0.00046860474023534314,
    0.00043733338321784774,
    0.00040630934270713756,
    0.00037565505641757246,
    0.00034549150281252633,
    0.00031593772365766105,
    0.00028711035421746355,
    0.0002591231629491422,
    0.00023208660251050145,
    0.00020610737385376337,
    0.00018128800512565502,
    0.00015772644703565555,
    0.00013551568628929425,
    0.00011474337861210535,
    9.549150281252626e-05,
    7.783603724899252e-05,
    6.184665997806817e-05,
    4.7586473766990294e-05,
    3.5111757055874305e-05,
    2.4471741852423218e-05,
    1.5708419435684507e-05,
    8.856374635655634e-06
  ]
}