{
  "train_loss": [
    2.46856709268358,
    1.9508934664347815,
    1.7426248947779337,
    1.6753492321286882,
    1.6391477758922275,
    1.567354945682344,
    1.5347950195887732,
    1.4907207170365349,
    1.4407340109537519,
    1.404037965441507,
    1.3739843621329655,
    1.3676443395917377,
    1.3024431318706937,
    1.2735931452493818,
    1.225812489872887,
    1.1710468605586462,
    1.1558062557947069,
    1.1050547346993098,
    1.0820211852542938,
    1.0595948600390601,
    1.014194348728846,
    0.9595443869393969,
    0.940939113828871,
    0.9140787919362386,
    0.9225843507146079,
    0.8737706256291223,
    0.8340328896613348,
    0.8222422741708302,
    0.7905690337173522,
    0.7341423946335203,
    0.7252968864970737,
    0.692404663108644,
    0.6595155133898296,
    0.6359926816016909,
    0.6093688031983754,
    0.60717003708794,
    0.5700259136018299,
    0.5378068593948606,
    0.5200895702271234,
    0.5026710603918348,
    0.46977156572871737,
    0.45701379847904994,
    0.4376744294355786,
    0.42887154454276677,
    0.410879915176876,
    0.39692193937680076,
    0.3969506079810006,
    0.387928552372115,
    0.3823140649946909,
    0.3753399981676586,
    0.37855859533188835,
    0.38187058849940225,
    0.3754312651876419,
    0.37642473854715863,
    0.3854144865747482,
    0.39390705683874705,
    0.3906662410403055,
    0.37990414331829736,
    0.39681687256646536,
    0.38223840213011184,
    0.3955911838062226,
    0.40226981227360076,
    0.4047151380493527,
    0.4205855915281508,
    0.4380653741056957,
    0.4220062945002601,
    0.44882640289881875,
    0.4578879764723399,
    0.45991574126576623,
    0.47308113824753534,
    0.47518274223993695,
    0.43777431067966277,
    0.5095331746812851,
    0.46544352190835137,
    0.5153083317998856,
    0.4982343054196191
  ],
  "val_loss": [
    2.2467563111441478,
    2.3864492171151297,
    1.6865371588298252,
    1.7137347078323364,
    1.5943168858119419,
    1.6500883320399693,
    1.492393147604806,
    1.5063293027877807,
    1.4691575384140014,
    1.3732622820990426,
    1.3373495306287493,
    1.35167836529868,
    1.4832335111073085,
    1.4285184969220843,
    1.4423441498620169,
    1.2376618582861765,
    1.2317445591517857,
    1.220966373852321,
    1.1768500682285854,
    1.2503778607504707,
    1.1381944595064435,
    1.0776682731083462,
    1.3004962532860893,
    1.0268439180510385,
    1.0436913217817034,
    0.9848193839618138,
    0.9921289045470102,
    1.001342543193272,
    0.955137083871024,
    0.9574233320781163,
    1.0293093694959368,
    0.9829009767941066,
    0.8688286754063198,
    0.8376255076272147,
    0.8772822788783482,
    0.9297452804020473,
    0.7866279867717197,
    0.7966856377465384,
    0.7869278022221157,
    0.7847108490126473,
    0.7686959018026079,
    0.7432906654902867,
    0.7667299369403294,
    0.7539361197607858,
    0.7500493471963064,
    0.7289053072248186,
    0.7375691018785749,
    0.7372211970601763,
    0.7304397221973964,
    0.7312721232005528,
    0.734997718674796,
    0.7335510499136788,
    0.7283756000655038,
    0.7292410060337612,
    0.7304488723618644,
    0.7237655605588641,
    0.7233634805679321,
    0.7284885556357248,
    0.746067533152444,
    0.7668529183523995,
    0.784773120198931,
    0.7593866603715079,
    0.802068543774741,
    0.7667944553920201,
    0.7782991460391453,
    0.7624793519292559,
    0.9352176836558751,
    0.9378490039280483,
    1.0935757746015276,
    0.9008695047242301,
    0.8644624318395342,
    0.9864323765890939,
    0.8437861561775207,
    1.1693530130386351,
    0.9732167066846575,
    1.199993818146842
  ],
  "train_acc": [
    12.873015873015873,
    20.063492063492063,
    28.03174603174603,
    30.92063492063492,
    32.12698412698413,
    35.65079365079365,
    37.666666666666664,
    39.87301587301587,
    43.12698412698413,
    44.74603174603175,
    46.698412698412696,
    47.98412698412698,
    49.98412698412698,
    51.46031746031746,
    53.23809523809524,
    55.87301587301587,
    57.0,
    58.98412698412698,
    59.77777777777778,
    60.22222222222222,
    62.46031746031746,
    64.23809523809524,
    65.34920634920636,
    66.53968253968254,
    66.53968253968254,
    68.22222222222223,
    69.0952380952381,
    70.33333333333333,
    71.2063492063492,
    73.17460317460318,
    74.36507936507937,
    74.77777777777777,
    76.5079365079365,
    76.82539682539682,
    77.92063492063492,
    78.26984126984127,
    79.95238095238095,
    80.73015873015873,
    81.46031746031746,
    82.92063492063492,
    83.39682539682539,
    83.4920634920635,
    84.74603174603175,
    84.82539682539682,
    85.33333333333333,
    86.14285714285714,
    86.17460317460318,
    86.36507936507937,
    86.6984126984127,
    87.41269841269842,
    86.80952380952381,
    86.93650793650794,
    87.23809523809524,
    86.65079365079364,
    86.80952380952381,
    86.11111111111111,
    86.33333333333333,
    86.7936507936508,
    86.47619047619048,
    86.52380952380952,
    86.11111111111111,
    85.07936507936508,
    85.55555555555556,
    85.06349206349206,
    85.06349206349206,
    84.98412698412699,
    84.3015873015873,
    84.12698412698413,
    83.57142857142857,
    83.33333333333333,
    83.07936507936508,
    84.36507936507937,
    82.28571428571429,
    83.68253968253968,
    81.47619047619048,
    82.39682539682539
  ],
  "val_acc": [
    11.857142857142858,
    26.142857142857142,
    33.857142857142854,
    31.571428571428573,
    37.42857142857143,
    37.42857142857143,
    39.714285714285715,
    41.0,
    42.57142857142857,
    47.57142857142857,
    50.0,
    50.714285714285715,
    45.714285714285715,
    48.0,
    46.142857142857146,
    55.714285714285715,
    56.714285714285715,
    54.57142857142857,
    57.142857142857146,
    51.42857142857143,
    59.714285714285715,
    60.0,
    55.857142857142854,
    64.28571428571429,
    61.285714285714285,
    64.71428571428571,
    63.142857142857146,
    64.14285714285714,
    67.0,
    66.57142857142857,
    64.28571428571429,
    65.28571428571429,
    69.14285714285714,
    71.0,
    70.71428571428571,
    68.14285714285714,
    72.57142857142857,
    73.14285714285714,
    72.42857142857143,
    74.28571428571429,
    74.14285714285714,
    74.57142857142857,
    74.14285714285714,
    74.85714285714286,
    74.28571428571429,
    75.0,
    75.85714285714286,
    74.71428571428571,
    76.0,
    75.42857142857143,
    75.42857142857143,
    74.42857142857143,
    75.14285714285714,
    74.85714285714286,
    75.71428571428571,
    76.42857142857143,
    75.28571428571429,
    75.71428571428571,
    74.42857142857143,
    74.42857142857143,
    74.0,
    75.28571428571429,
    74.85714285714286,
    75.57142857142857,
    75.0,
    74.42857142857143,
    70.14285714285714,
    69.85714285714286,
    65.71428571428571,
    69.71428571428571,
    73.28571428571429,
    70.71428571428571,
    74.71428571428571,
    66.85714285714286,
    68.0,
    62.42857142857143
  ],