{
  "accuracy": 0.731,
  "macro_f1": 0.7324569960956897,
  "weighted_f1": 0.7324569960956895,
  "classification_report": {
    "airplane": {
      "precision": 0.8316831683168316,
      "recall": 0.84,
      "f1-score": 0.835820895522388,
      "support": 100.0
    },
    "bird": {
      "precision": 0.6764705882352942,
      "recall": 0.69,
      "f1-score": 0.6831683168316832,
      "support": 100.0
    },
    "car": {
      "precision": 0.8207547169811321,
      "recall": 0.87,
      "f1-score": 0.8446601941747572,
      "support": 100.0
    },
    "cat": {
      "precision": 0.6407766990291263,
      "recall": 0.66,
      "f1-score": 0.6502463054187192,
      "support": 100.0
    },
    "deer": {
      "precision": 0.7157894736842105,
      "recall": 0.68,
      "f1-score": 0.6974358974358974,
      "support": 100.0
    },
    "dog": {
      "precision": 0.49137931034482757,
      "recall": 0.57,
      "f1-score": 0.5277777777777778,
      "support": 100.0
    },
    "horse": {
      "precision": 0.8271604938271605,
      "recall": 0.67,
      "f1-score": 0.7403314917127072,
      "support": 100.0
    },
    "monkey": {
      "precision": 0.7040816326530612,
      "recall": 0.69,
      "f1-score": 0.696969696969697,
      "support": 100.0
    },
    "ship": {
      "precision": 0.8586956521739131,
      "recall": 0.79,
      "f1-score": 0.8229166666666666,
      "support": 100.0
    },
    "truck": {
      "precision": 0.8018867924528302,
      "recall": 0.85,
      "f1-score": 0.8252427184466019,
      "support": 100.0
    },
    "accuracy": 0.731,
    "macro avg": {
      "precision": 0.7368678527698387,
      "recall": 0.731,
      "f1-score": 0.7324569960956897,
      "support": 1000.0
    },
    "weighted avg": {
      "precision": 0.7368678527698389,
      "recall": 0.731,
      "f1-score": 0.7324569960956895,
      "support": 1000.0
    }
  },
  "confusion_matrix": [
    [
      84,
      3,
      3,
      0,
      0,
      1,
      1,
      1,
      5,
      2
    ],
    [
      2,
      69,
      1,
      9,
      1,
      9,
      1,
      4,
      2,
      2
    ],
    [
      3,
      2,
      87,
      0,
      0,
      0,
      1,
      1,
      1,
      5
    ],
    [
      0,
      13,
      0,
      66,
      5,
      8,
      1,
      6,
      0,
      1
    ],
    [
      0,
      5,
      2,
      4,
      68,
      13,
      4,
      3,
      1,
      0
    ],
    [
      0,
      3,
      1,
      12,
      12,
      57,
      5,
      8,
      0,
      2
    ],
    [
      1,
      1,
      2,
      2,
      6,
      15,
      67,
      4,
      0,
      2
    ],
    [
      0,
      3,
      0,
      10,
      3,
      13,
      1,
      69,
      0,
      1
    ],
    [
      10,
      3,
      2,
      0,
      0,
      0,
      0,
      0,
      79,
      6
    ],
    [
      1,
      0,
      8,
      0,
      0,
      0,
      0,
      2,
      4,
      85
    ]
  ],
  "ckpt": "outputs_improved/exp9_aug_bn_15conv/checkpoints/exp9_aug_bn_15conv_best.pth",
  "model_name": "configurable_15conv",
  "use_bn": true,
  "dropout": 0.0,
  "optimizer": "adam",
  "lr": 0.001
}