{
  "train_loss": [
    3.0595157770126584,
    1.6443725805433969,
    1.471846483699859,
    1.3384000579894535,
    1.2675388224919637,
    1.1915571952244592,
    1.1312694537450396,
    1.0840262629115391,
    1.0207765439956906,
    0.9646111694971721,
    0.9522924463332646,
    0.9320801054863702,
    0.865925416416592,
    0.8428973944981893,
    0.8143326658672757,
    0.7803097611760337,
    0.7521005901836214,
    0.7389470800899324,
    0.7248193814640953,
    0.7226919970815144,
    0.6823914434417846,
    0.6658421637519958,
    0.6579421191745334,
    0.6164073317769974,
    0.6201916019121806,
    0.6050229299636114,
    0.5778553448026142,
    0.5727918775876363,
    0.5638303714706784,
    0.534489870222788,
    0.5258275796118237,
    0.5112519290144482,
    0.48945707809357414,
    0.4829757196941073,
    0.4942858602130224,
    0.4755587071464175,
    0.4610702353999728,
    0.42120880940603833,
    0.4465777278703357,
    0.4232119112733811,
    0.4058223329271589,
    0.3843313010912093,
    0.3818425655554211,
    0.36147473838594224,
    0.3616716635037982,
    0.3638973239111522,
    0.34546240107407644,
    0.3295045575925282,
    0.32317132192944725,
    0.3212897219544365,
    0.31757535240006823,
    0.28928022265434267,
    0.28706712027390796,
    0.27945889312123495,
    0.26495190181429423,
    0.25944344108066864,
    0.24945010856976585,
    0.24769662576062337,
    0.22856890427687812,
    0.23637035243094914,
    0.22519529539441305,
    0.21201824156064836,
    0.21136758611788825,
    0.20498920669631351,
    0.20834088088028016,
    0.19579423559090448,
    0.1877340172396766,
    0.18936617525797042,
    0.1803295797109604,
    0.17561190040338606,
    0.1694745192546693,
    0.16597083737925877,
    0.16328688135222783,
    0.16095902882871174,
    0.14485263627672954,
    0.15426780261690654,
    0.14516741371344005,
    0.13245716642765773,
    0.1350677869906501,
    0.1388795813113924,
    0.13478219288918708,
    0.12537737540782445,
    0.12745328026631522,
    0.12717063011631133,
    0.12408411750244716,
    0.1256480067542621,
    0.11999305545337617,
    0.116204586767015,
    0.11641699018932525,
    0.10839543431524247,
    0.11582908967184642,
    0.11896501995268322,
    0.11193142881942174,
    0.11176752300016464,
    0.1110606413180866,
    0.11166835397008866,
    0.11138865788304617
  ],
  "val_loss": [
    1.7641137634004866,
    1.504635738645281,
    1.3896724203654698,
    1.285979276384626,
    1.3379392664773124,
    1.1627904960087367,
    1.2010890061514718,
    1.1725157329014368,
    1.0665530811037336,
    1.059266528402056,
    1.2464924498966763,
    1.07022353717259,
    1.019136131831578,
    0.9427467765126909,
    1.0235757882254464,
    1.0740248366764613,
    0.9365360365595137,
    0.9131801434925624,
    1.1176869930539812,
    0.9184398286683219,
    1.0170604916981287,
    0.8864809908185687,
    0.9135815470559256,
    0.925939302444458,
    0.9043366408348084,
    0.90157669203622,
    0.8451465565817696,
    1.0112909957340785,
    0.933415481363024,
    0.8747056950841631,
    0.9001844624110631,
    0.9565185008730207,
    0.8598005468504769,
    0.8959171680041722,
    0.9475524350575039,
    0.9104903531074524,
    0.8798345143454416,
    0.8665193353380476,
    0.884983218397413,
    0.9167363156591143,
    0.9051279153142656,
    0.8416123591150556,
    0.9061467136655535,
    0.878093546458653,
    0.8611114740371704,
    0.9161723096030099,
    0.9246482566424779,
    0.9052468160220555,
    0.9233304732186454,
    0.8886428850037711,
    0.8852833311898368,
    1.0009139108657836,
    0.8838565513065884,
    0.9380536757196699,
    0.8916158580780029,
    0.8607891866139004,
    0.8837370065280369,
    0.8731380544389997,
    0.8942628196307592,
    0.9030986670085362,
    0.8819694754055568,
    0.9193509350504194,
    0.8896295131955828,
    0.8781981754302979,
    0.8641031115395682,
    0.868594320161002,
    0.8644267528397697,
    0.883649241583688,
    0.888692010470799,
    0.9653582736424038,
    0.8847536638804845,
    0.8761188152858189,
    0.8740386254446847,
    0.8621121658597674,
    0.8850278850964137,
    0.8556565192767552,
    0.851095804146358,
    0.8599159022739955,
    0.86458411693573,
    0.8722472255570548,
    0.8730156166212899,
    0.8508817757878985,
    0.8692184724126544,
    0.8565911190850394,
    0.8422621434075491,
    0.8669026388440814,
    0.8679288111414228,
    0.866532563482012,
    0.8545455026626587,
    0.863329291003091,
    0.8599503513744899,
    0.861416391985757,
    0.8583109436716352,
    0.8568044154984611,
    0.8603330101285662,
    0.8584242623192924,
    0.8569278836250305
  ],
  "train_acc": [
    26.015873015873016,
    38.95238095238095,
    45.73015873015873,
    50.95238095238095,
    53.23809523809524,
    56.93650793650794,
    58.74603174603175,
    60.698412698412696,
    62.904761904761905,
    65.22222222222223,
    65.22222222222223,
    65.74603174603175,
    68.58730158730158,
    69.7936507936508,
    71.14285714285714,
    71.85714285714286,
    72.87301587301587,
    73.28571428571429,
    74.01587301587301,
    73.42857142857143,
    75.73015873015873,
    76.44444444444444,
    76.17460317460318,
    77.93650793650794,
    77.41269841269842,
    78.22222222222223,
    78.95238095238095,
    79.57142857142857,
    79.5079365079365,
    80.7936507936508,
    80.88888888888889,
    81.4920634920635,
    82.88888888888889,
    82.85714285714286,
    82.28571428571429,
    83.33333333333333,
    83.42857142857143,
    84.95238095238095,
    84.7936507936508,
    85.55555555555556,
    85.98412698412699,
    86.58730158730158,
    86.44444444444444,
    86.93650793650794,
    87.65079365079364,
    86.73015873015873,
    87.80952380952381,
    88.23809523809524,
    89.19047619047619,
    89.0952380952381,
    89.41269841269842,
    89.68253968253968,
    90.06349206349206,
    90.23809523809524,
    91.17460317460318,
    91.39682539682539,
    91.6984126984127,
    91.9047619047619,
    92.73015873015873,
    91.6984126984127,
    92.82539682539682,
    93.23809523809524,
    93.23809523809524,
    93.2063492063492,
    93.31746031746032,
    93.93650793650794,
    94.31746031746032,
    93.65079365079364,
    94.4920634920635,
    94.41269841269842,
    95.38095238095238,
    95.19047619047619,
    95.0,
    95.17460317460318,
    96.04761904761905,
    95.52380952380952,
    95.85714285714286,
    96.34920634920636,
    96.2063492063492,
    96.17460317460318,
    96.04761904761905,
    96.6984126984127,
    96.58730158730158,
    96.66666666666667,
    96.80952380952381,
    96.73015873015873,
    96.88888888888889,
    97.01587301587301,
    97.19047619047619,
    97.28571428571429,
    97.03174603174604,
    96.80952380952381,
    97.33333333333333,
    97.33333333333333,
    97.2063492063492,
    97.42857142857143,
    97.42857142857143
  ],