{
  "accuracy": 0.746,
  "macro_f1": 0.7461357084632378,
  "weighted_f1": 0.7461357084632377,
  "classification_report": {
    "airplane": {
      "precision": 0.8095238095238095,
      "recall": 0.85,
      "f1-score": 0.8292682926829268,
      "support": 100.0
    },
    "bird": {
      "precision": 0.6761904761904762,
      "recall": 0.71,
      "f1-score": 0.6926829268292682,
      "support": 100.0
    },
    "car": {
      "precision": 0.8640776699029126,
      "recall": 0.89,
      "f1-score": 0.8768472906403941,
      "support": 100.0
    },
    "cat": {
      "precision": 0.6442307692307693,
      "recall": 0.67,
      "f1-score": 0.6568627450980392,
      "support": 100.0
    },
    "deer": {
      "precision": 0.7676767676767676,
      "recall": 0.76,
      "f1-score": 0.7638190954773869,
      "support": 100.0
    },
    "dog": {
      "precision": 0.6021505376344086,
      "recall": 0.56,
      "f1-score": 0.5803108808290155,
      "support": 100.0
    },
    "horse": {
      "precision": 0.7676767676767676,
      "recall": 0.76,
      "f1-score": 0.7638190954773869,
      "support": 100.0
    },
    "monkey": {
      "precision": 0.625,
      "recall": 0.65,
      "f1-score": 0.6372549019607843,
      "support": 100.0
    },
    "ship": {
      "precision": 0.9069767441860465,
      "recall": 0.78,
      "f1-score": 0.8387096774193549,
      "support": 100.0
    },
    "truck": {
      "precision": 0.8137254901960784,
      "recall": 0.83,
      "f1-score": 0.8217821782178217,
      "support": 100.0
    },
    "accuracy": 0.746,
    "macro avg": {
      "precision": 0.7477229032218037,
      "recall": 0.7460000000000001,
      "f1-score": 0.7461357084632378,
      "support": 1000.0
    },
    "weighted avg": {
      "precision": 0.7477229032218036,
      "recall": 0.746,
      "f1-score": 0.7461357084632377,
      "support": 1000.0
    }
  },
  "confusion_matrix": [
    [
      85,
      3,
      1,
      0,
      2,
      0,
      1,
      1,
      2,
      5
    ],
    [
      4,
      71,
      1,
      10,
      1,
      3,
      3,
      6,
      1,
      0
    ],
    [
      1,
      2,
      89,
      0,
      0,
      1,
      3,
      0,
      1,
      3
    ],
    [
      0,
      9,
      0,
      67,
      4,
      10,
      1,
      9,
      0,
      0
    ],
    [
      0,
      6,
      1,
      3,
      76,
      6,
      1,
      6,
      0,
      1
    ],
    [
      0,
      2,
      2,
      13,
      6,
      56,
      8,
      12,
      0,
      1
    ],
    [
      2,
      3,
      1,
      1,
      1,
      10,
      76,
      4,
      0,
      2
    ],
    [
      1,
      7,
      0,
      7,
      8,
      7,
      4,
      65,
      1,
      0
    ],
    [
      9,
      1,
      2,
      1,
      1,
      0,
      1,
      0,
      78,
      7
    ],
    [
      3,
      1,
      6,
      2,
      0,
      0,
      1,
      1,
      3,
      83
    ]
  ],
  "ckpt": "outputs_improved_e100/exp2_aug_bn_e100p20/checkpoints/exp2_aug_bn_e100p20_best.pth",
  "model_name": "configurable",
  "use_bn": true,
  "dropout": 0.0,
  "optimizer": "adam",
  "lr": 0.001
}