{
  "accuracy": 0.818,
  "macro_f1": 0.8195716393291971,
  "weighted_f1": 0.8195716393291972,
  "classification_report": {
    "airplane": {
      "precision": 0.8811881188118812,
      "recall": 0.89,
      "f1-score": 0.8855721393034826,
      "support": 100.0
    },
    "bird": {
      "precision": 0.7452830188679245,
      "recall": 0.79,
      "f1-score": 0.7669902912621359,
      "support": 100.0
    },
    "car": {
      "precision": 0.9191919191919192,
      "recall": 0.91,
      "f1-score": 0.914572864321608,
      "support": 100.0
    },
    "cat": {
      "precision": 0.7684210526315789,
      "recall": 0.73,
      "f1-score": 0.7487179487179487,
      "support": 100.0
    },
    "deer": {
      "precision": 0.851063829787234,
      "recall": 0.8,
      "f1-score": 0.8247422680412371,
      "support": 100.0
    },
    "dog": {
      "precision": 0.6239316239316239,
      "recall": 0.73,
      "f1-score": 0.6728110599078341,
      "support": 100.0
    },
    "horse": {
      "precision": 0.8804347826086957,
      "recall": 0.81,
      "f1-score": 0.84375,
      "support": 100.0
    },
    "monkey": {
      "precision": 0.7878787878787878,
      "recall": 0.78,
      "f1-score": 0.7839195979899497,
      "support": 100.0
    },
    "ship": {
      "precision": 0.9444444444444444,
      "recall": 0.85,
      "f1-score": 0.8947368421052632,
      "support": 100.0
    },
    "truck": {
      "precision": 0.8317757009345794,
      "recall": 0.89,
      "f1-score": 0.8599033816425121,
      "support": 100.0
    },
    "accuracy": 0.818,
    "macro avg": {
      "precision": 0.8233613279088671,
      "recall": 0.818,
      "f1-score": 0.8195716393291971,
      "support": 1000.0
    },
    "weighted avg": {
      "precision": 0.8233613279088668,
      "recall": 0.818,
      "f1-score": 0.8195716393291972,
      "support": 1000.0
    }
  },
  "confusion_matrix": [
    [
      89,
      4,
      1,
      0,
      0,
      1,
      0,
      1,
      1,
      3
    ],
    [
      4,
      79,
      0,
      5,
      2,
      5,
      2,
      3,
      0,
      0
    ],
    [
      2,
      1,
      91,
      0,
      0,
      0,
      1,
      0,
      0,
      5
    ],
    [
      0,
      6,
      0,
      73,
      1,
      11,
      1,
      5,
      0,
      3
    ],
    [
      1,
      5,
      1,
      1,
      80,
      9,
      0,
      2,
      0,
      1
    ],
    [
      0,
      3,
      0,
      8,
      5,
      73,
      4,
      7,
      0,
      0
    ],
    [
      0,
      0,
      0,
      3,
      4,
      8,
      81,
      2,
      0,
      2
    ],
    [
      0,
      5,
      0,
      4,
      2,
      9,
      2,
      78,
      0,
      0
    ],
    [
      5,
      3,
      1,
      1,
      0,
      0,
      0,
      1,
      85,
      4
    ],
    [
      0,
      0,
      5,
      0,
      0,
      1,
      1,
      0,
      4,
      89
    ]
  ],
  "ckpt": "outputs_improved_e100/exp6_improved_long_6_e100p20/checkpoints/exp6_improved_long_6_e100p20_best.pth",
  "model_name": "improved_long",
  "use_bn": true,
  "dropout": 0.3,
  "optimizer": "adam",
  "lr": 0.001
}