{
  "train_loss": [
    1.8626193462099347,
    1.4152891805436876,
    1.2977054293571957,
    1.1752215773718697,
    1.1047261318327888,
    1.0431988300595965,
    1.0101153645439753,
    0.9415636279469445,
    0.9136840544049702,
    0.8741644663280911,
    0.8748794305135333,
    0.8345807195466662,
    0.8057587343170529,
    0.7834000627199809,
    0.7533017448395017,
    0.7110577116693769,
    0.7235735951908051,
    0.6907375491233099,
    0.6697188222219074,
    0.6626630094694713,
    0.6442291784286499,
    0.6228635962804159,
    0.6235343091260819,
    0.5893152952194214,
    0.586060540865338,
    0.5613522989030868,
    0.5304137204942249,
    0.518520156012641,
    0.5071498403473506,
    0.4910092076044234,
    0.4902690625190735,
    0.4675744606578161,
    0.45262461270604815,
    0.4412105468719725,
    0.4355958115865314,
    0.4216912767432985,
    0.40609804857344856,
    0.3909699969821506,
    0.39819853358798557,
    0.37799235542615256,
    0.36734717177966286,
    0.3443493706271762,
    0.33285044376812284,
    0.32302618724959237,
    0.3158889294427539,
    0.3344186398528871,
    0.31173723009843674,
    0.3035435162744825,
    0.2830834498102703,
    0.2939544195599026,
    0.27921896164379423,
    0.2722707853809236,
    0.25815667726690805,
    0.25302574797282146,
    0.24066358400715723,
    0.23828546633796086,
    0.22151920256160554,
    0.23818173971441056,
    0.22010145409712717,
    0.2281173340668754,
    0.2129124505179269,
    0.20064888691145277,
    0.20216737021056433,
    0.18741615972821674,
    0.20282867600993504,
    0.18428718730570778,
    0.18657158245169927,
    0.16958954914221688,
    0.16993455766212373,
    0.17133426196991453,
    0.1660997128770465,
    0.1616268692603187,
    0.1580288113771923,
    0.1623623249833546,
    0.147853317052599,
    0.14429226484563615,
    0.14041087256537543,
    0.13308531006177265,
    0.13497244424290128,
    0.13342028212925744,
    0.13602487548476175,
    0.11947533743722098,
    0.13347605859949474,
    0.12832448881769937,
    0.11591195377092513,
    0.12088872399121996,
    0.10762526244398148,
    0.10775765182006927,
    0.11581556281400106,
    0.10762323902712928,
    0.10930092897207018,
    0.10326569740734404,
    0.101642622796316,
    0.0957513724906104,
    0.09246009916540177,
    0.09113387454596777,
    0.08815829461056089,
    0.09772646570962573
  ],
  "val_loss": [
    1.5243188108716692,
    1.4953625202178955,
    1.2419769178118025,
    1.2286835711342947,
    1.170299379484994,
    1.0480402142660958,
    1.045381954056876,
    1.154007627623422,
    0.9980257054737636,
    0.9286245230266026,
    0.964997124671936,
    0.9713000975336348,
    0.9947891296659197,
    0.907232368673597,
    0.9129234726088388,
    1.0024789081301009,
    1.04693970816476,
    0.8588772007397243,
    0.8937743936266218,
    0.9014937720979963,
    0.9119340552602495,
    0.9303486589023046,
    0.9112398048809597,
    0.8635626064028059,
    0.8997663450241089,
    0.832111486026219,
    0.8361402937344142,
    0.873648383957999,
    0.8403462222644261,
    0.8261806658336095,
    0.9125540852546692,
    0.809359495980399,
    0.8292994509424482,
    0.7780206458909171,
    0.8162658449581691,
    0.8421149747712272,
    0.8322472316878182,
    0.8464455948557172,
    0.8586351646695818,
    0.8747082894189017,
    0.8659536920275007,
    0.8205664263452802,
    0.8482166198321751,
    0.7935271535600935,
    0.8700002033369881,
    0.8155226370266505,
    0.8961112475395203,
    0.836166650567736,
    0.8773982436316354,
    0.8722741331372942,
    0.8586373209953309,
    0.8978257008961269,
    0.8755050441196986,
    0.9341898468562535,
    0.9820919520514352,
    0.8450029918125698,
    0.8749990997995649,
    0.9564156784330096,
    0.936928642817906,
    0.8846380628858294,
    0.8873982742854527,
    0.9215922171728952,
    0.8687225668770926,
    0.9560809585026332,
    0.8750369885989598,
    0.8489516840662275,
    0.8947103452682496,
    0.8871517086029053,
    0.8692343548366002,
    0.9177434396743774,
    0.9913636916024344,
    0.9020821724619185,
    0.8761890588487897,
    0.8856451051575797,
    0.9123133158683777,
    0.9159604801450457,
    0.8980715489387512,
    0.8826210839407784,
    0.8612941346849714,
    0.8805785294941494,
    0.8973345719064985,
    0.9024925300053188,
    0.9487290368761335,
    0.9351948193141393,
    0.9081158331462316,
    0.8992798713275364,
    0.9289120752470834,
    0.9022435443741935,
    0.918454201902662,
    0.9206198191642762,
    0.910657959665571,
    0.8988438183920724,
    0.9064597879137312,
    0.9107523724011013,
    0.911240952696119,
    0.8911845776012965,
    0.94141172511237,
    0.9533452817371914
  ],
  "train_acc": [
    33.65079365079365,
    47.19047619047619,
    52.19047619047619,
    57.698412698412696,
    60.0,
    62.46031746031746,
    63.666666666666664,
    66.0,
    67.06349206349206,
    69.06349206349206,
    68.76190476190476,
    69.60317460317461,
    70.98412698412699,
    72.31746031746032,
    73.04761904761905,
    75.0,
    74.34920634920636,
    75.34920634920636,
    76.01587301587301,
    75.66666666666667,
    77.12698412698413,
    77.87301587301587,
    77.82539682539682,
    78.98412698412699,
    79.46031746031746,
    80.07936507936508,
    81.34920634920636,
    81.7936507936508,
    82.26984126984127,
    82.44444444444444,
    82.84126984126983,
    83.85714285714286,
    83.63492063492063,
    84.47619047619048,
    84.36507936507937,
    85.33333333333333,
    86.23809523809524,
    87.12698412698413,
    86.17460317460318,
    87.3015873015873,
    87.7936507936508,
    88.36507936507937,
    88.88888888888889,
    89.26984126984127,
    89.34920634920636,
    88.52380952380952,
    89.61904761904762,
    90.07936507936508,
    90.34920634920636,
    89.98412698412699,
    91.03174603174604,
    91.25396825396825,
    91.57142857142857,
    91.96825396825396,
    92.14285714285714,
    91.85714285714286,
    93.01587301587301,
    92.47619047619048,
    92.96825396825396,
    92.68253968253968,
    93.12698412698413,
    93.84126984126983,
    93.68253968253968,
    94.39682539682539,
    93.58730158730158,
    94.5079365079365,
    93.96825396825396,
    94.85714285714286,
    94.84126984126983,
    94.46031746031746,
    95.2063492063492,
    94.98412698412699,
    95.26984126984127,
    95.01587301587301,
    95.80952380952381,
    96.11111111111111,
    96.36507936507937,
    96.03174603174604,
    96.26984126984127,
    96.38095238095238,
    96.0,
    97.19047619047619,
    96.3015873015873,
    96.52380952380952,
    96.68253968253968,
    96.74603174603175,
    97.53968253968254,
    97.11111111111111,
    96.84126984126983,
    97.14285714285714,
    96.88888888888889,
    97.36507936507937,
    97.55555555555556,
    97.73015873015873,
    97.85714285714286,
    97.82539682539682,
    97.87301587301587,
    97.58730158730158
  ],