{
  "accuracy": 0.804,
  "macro_f1": 0.8055460446338423,
  "weighted_f1": 0.8055460446338423,
  "classification_report": {
    "airplane": {
      "precision": 0.8712871287128713,
      "recall": 0.88,
      "f1-score": 0.8756218905472637,
      "support": 100.0
    },
    "bird": {
      "precision": 0.7431192660550459,
      "recall": 0.81,
      "f1-score": 0.7751196172248804,
      "support": 100.0
    },
    "car": {
      "precision": 0.9560439560439561,
      "recall": 0.87,
      "f1-score": 0.9109947643979057,
      "support": 100.0
    },
    "cat": {
      "precision": 0.7319587628865979,
      "recall": 0.71,
      "f1-score": 0.7208121827411168,
      "support": 100.0
    },
    "deer": {
      "precision": 0.8387096774193549,
      "recall": 0.78,
      "f1-score": 0.8082901554404145,
      "support": 100.0
    },
    "dog": {
      "precision": 0.64,
      "recall": 0.64,
      "f1-score": 0.64,
      "support": 100.0
    },
    "horse": {
      "precision": 0.8690476190476191,
      "recall": 0.73,
      "f1-score": 0.7934782608695652,
      "support": 100.0
    },
    "monkey": {
      "precision": 0.6538461538461539,
      "recall": 0.85,
      "f1-score": 0.7391304347826086,
      "support": 100.0
    },
    "ship": {
      "precision": 0.9340659340659341,
      "recall": 0.85,
      "f1-score": 0.8900523560209425,
      "support": 100.0
    },
    "truck": {
      "precision": 0.8846153846153846,
      "recall": 0.92,
      "f1-score": 0.9019607843137255,
      "support": 100.0
    },
    "accuracy": 0.804,
    "macro avg": {
      "precision": 0.8122693882692917,
      "recall": 0.8039999999999999,
      "f1-score": 0.8055460446338423,
      "support": 1000.0
    },
    "weighted avg": {
      "precision": 0.8122693882692917,
      "recall": 0.804,
      "f1-score": 0.8055460446338423,
      "support": 1000.0
    }
  },
  "confusion_matrix": [
    [
      88,
      3,
      1,
      0,
      1,
      1,
      0,
      0,
      2,
      4
    ],
    [
      2,
      81,
      0,
      4,
      2,
      4,
      1,
      6,
      0,
      0
    ],
    [
      1,
      2,
      87,
      1,
      0,
      0,
      3,
      1,
      1,
      4
    ],
    [
      0,
      8,
      0,
      71,
      2,
      7,
      1,
      11,
      0,
      0
    ],
    [
      0,
      4,
      1,
      2,
      78,
      7,
      1,
      7,
      0,
      0
    ],
    [
      0,
      3,
      0,
      8,
      6,
      64,
      3,
      16,
      0,
      0
    ],
    [
      2,
      4,
      0,
      3,
      3,
      11,
      73,
      3,
      0,
      1
    ],
    [
      0,
      2,
      0,
      6,
      1,
      6,
      0,
      85,
      0,
      0
    ],
    [
      7,
      2,
      0,
      1,
      0,
      0,
      1,
      1,
      85,
      3
    ],
    [
      1,
      0,
      2,
      1,
      0,
      0,
      1,
      0,
      3,
      92
    ]
  ],
  "ckpt": "outputs_improved/exp6_improved_long_6/checkpoints/exp6_improved_long_6_best.pth",
  "model_name": "improved_long",
  "use_bn": true,
  "dropout": 0.3,
  "optimizer": "adam",
  "lr": 0.001
}
