{
  "train_loss": [
    1.66124304884956,
    1.3380928947812034,
    1.1870306416920253,
    1.0764080026793101,
    1.001272434280032,
    0.9330739444399637,
    0.8822144088290986,
    0.8513306633631388,
    0.7861663972763788,
    0.7649289627680703,
    0.7280195408397251,
    0.6791462309398348,
    0.6776338285680801,
    0.619247382671114,
    0.575615058210161,
    0.5454148975629655,
    0.5313314463978722,
    0.504708599098145,
    0.48756484326862154,
    0.4821704217933473,
    0.41481622591851247,
    0.40661896851327683,
    0.3724338275194168,
    0.35289034465002633,
    0.3286690230218191,
    0.3355303144076514,
    0.2923667388302939,
    0.2764055849446191,
    0.2448674109625438,
    0.2234930397593786,
    0.21410227630819592,
    0.18754257497333346,
    0.18473163941549878,
    0.16106674328682916,
    0.14118112146381348,
    0.125039424598217,
    0.1170896904241471,
    0.10446083547103972,
    0.10056298169824812,
    0.1008856442594339,
    0.07904715670006615,
    0.07686656890407441,
    0.07473591362909665,
    0.06886859220171732,
    0.07307154250996453,
    0.06808328694767422,
    0.06313487218249411,
    0.0601364107642855,
    0.06018567735004047,
    0.06073614249390269
  ],
  "val_loss": [
    1.471520950453622,
    1.676007078715733,
    2.092062691961016,
    1.2779608113425118,
    1.4897198111670358,
    1.2955647945404052,
    0.9493270870617457,
    1.3521070773260935,
    0.9850731321743557,
    1.0235433786255972,
    0.8053139104161944,
    1.077878818171365,
    1.1099106127875191,
    1.0017437539781844,
    1.1112611402784076,
    0.8514025494030544,
    0.8943685334069388,
    0.8508355556215559,
    0.7618047043255397,
    0.7354631764548165,
    0.6986458427565438,
    0.6678988218307496,
    0.6956145095825196,
    0.6504886422838484,
    0.8136528927939278,
    0.6788362812995911,
    0.8429901095799037,
    0.833349712235587,
    0.6848352408409119,
    0.6591365923200335,
    0.8072517858232771,
    0.811501305784498,
    0.621657314641135,
    0.6525677132606507,
    0.6553957962989807,
    0.5977860961641585,
    0.6213861118044172,
    0.6004153054101127,
    0.5795520608765738,
    0.6088670086860657,
    0.5997471802575247,
    0.5915164801052638,
    0.6040716218948364,
    0.6026015959467207,
    0.5877368749891009,
    0.5910682201385498,
    0.5915328407287598,
    0.5901037992749896,
    0.5843972216333662,
    0.5849348517826626
  ],
  "train_acc": [
    36.82539682539682,
    49.698412698412696,
    56.333333333333336,
    61.41269841269841,
    64.39682539682539,
    66.26984126984127,
    68.5079365079365,
    69.15873015873017,
    71.65079365079364,
    72.73015873015873,
    74.44444444444444,
    75.92063492063492,
    75.9047619047619,
    77.98412698412699,
    79.93650793650794,
    81.03174603174604,
    81.77777777777777,
    82.85714285714286,
    82.96825396825396,
    83.4920634920635,
    85.63492063492063,
    85.7936507936508,
    87.06349206349206,
    87.31746031746032,
    88.7936507936508,
    88.23809523809524,
    90.04761904761905,
    91.04761904761905,
    91.33333333333333,
    92.38095238095238,
    93.33333333333333,
    93.84126984126983,
    93.93650793650794,
    95.23809523809524,
    95.7936507936508,
    96.52380952380952,
    97.0,
    97.28571428571429,
    97.39682539682539,
    97.26984126984127,
    98.2063492063492,
    98.36507936507937,
    98.28571428571429,
    98.6984126984127,
    98.26984126984127,
    98.52380952380952,
    98.6984126984127,
    98.85714285714286,
    98.7936507936508,
    98.73015873015873
  ],
  "val_acc": [
    44.714285714285715,
    41.142857142857146,
    41.285714285714285,
    56.285714285714285,
    48.42857142857143,
    55.0,
    64.42857142857143,
    54.0,
    63.857142857142854,
    62.285714285714285,
    70.0,
    63.42857142857143,
    64.28571428571429,
    66.14285714285714,
    64.71428571428571,
    70.42857142857143,
    70.85714285714286,
    71.14285714285714,
    74.0,
    73.85714285714286,
    74.57142857142857,
    78.14285714285714,
    76.42857142857143,
    77.85714285714286,
    72.85714285714286,
    76.57142857142857,
    73.85714285714286,
    74.71428571428571,
    77.14285714285714,
    79.57142857142857,
    74.0,
    76.85714285714286,
    80.71428571428571,
    80.28571428571429,
    79.57142857142857,
    81.42857142857143,
    81.0,
    80.71428571428571,
    81.28571428571429,
    81.14285714285714,
    81.57142857142857,
    80.85714285714286,
    81.28571428571429,
    82.71428571428571,
    82.28571428571429,
    82.14285714285714,
    82.14285714285714,
    82.57142857142857,
    82.71428571428571,
    82.71428571428571
  ],
  "lr": [
    0.001,
    0.0009990133642141358,
    0.000996057350657239,
    0.0009911436253643444,
    0.0009842915805643156,
    0.0009755282581475769,
    0.0009648882429441258,
    0.0009524135262330099,
    0.0009381533400219318,
    0.0009221639627510075,
    0.0009045084971874736,
    0.0008852566213878945,
    0.0008644843137107056,
    0.0008422735529643443,
    0.0008187119948743448,
    0.0007938926261462366,
    0.0007679133974894982,
    0.0007408768370508576,
    0.0007128896457825362,
    0.0006840622763423389,
    0.0006545084971874735,
    0.0006243449435824271,
    0.0005936906572928622,
    0.000562666616782152,
    0.0005313952597646566,
    0.0004999999999999998,
    0.00046860474023534314,
    0.00043733338321784774,
    0.00040630934270713756,
    0.00037565505641757246,
    0.00034549150281252633,
    0.00031593772365766105,
    0.00028711035421746355,
    0.0002591231629491422,
    0.00023208660251050145,
    0.00020610737385376337,
    0.00018128800512565502,
    0.00015772644703565555,
    0.00013551568628929425,
    0.00011474337861210535,
    9.549150281252626e-05,
    7.783603724899252e-05,
    6.184665997806817e-05,
    4.7586473766990294e-05,
    3.5111757055874305e-05,
    2.4471741852423218e-05,
    1.5708419435684507e-05,
    8.856374635655634e-06,
    3.942649342761115e-06,
    9.866357858642198e-07
  ]
}