{
  "accuracy": 0.812,
  "macro_f1": 0.8120110808563954,
  "weighted_f1": 0.8120110808563954,
  "classification_report": {
    "airplane": {
      "precision": 0.8557692307692307,
      "recall": 0.89,
      "f1-score": 0.8725490196078431,
      "support": 100.0
    },
    "bird": {
      "precision": 0.7272727272727273,
      "recall": 0.72,
      "f1-score": 0.7236180904522613,
      "support": 100.0
    },
    "car": {
      "precision": 0.8842105263157894,
      "recall": 0.84,
      "f1-score": 0.8615384615384616,
      "support": 100.0
    },
    "cat": {
      "precision": 0.77,
      "recall": 0.77,
      "f1-score": 0.77,
      "support": 100.0
    },
    "deer": {
      "precision": 0.82,
      "recall": 0.82,
      "f1-score": 0.82,
      "support": 100.0
    },
    "dog": {
      "precision": 0.6893203883495146,
      "recall": 0.71,
      "f1-score": 0.6995073891625616,
      "support": 100.0
    },
    "horse": {
      "precision": 0.8415841584158416,
      "recall": 0.85,
      "f1-score": 0.845771144278607,
      "support": 100.0
    },
    "monkey": {
      "precision": 0.7916666666666666,
      "recall": 0.76,
      "f1-score": 0.7755102040816326,
      "support": 100.0
    },
    "ship": {
      "precision": 0.9052631578947369,
      "recall": 0.86,
      "f1-score": 0.882051282051282,
      "support": 100.0
    },
    "truck": {
      "precision": 0.8411214953271028,
      "recall": 0.9,
      "f1-score": 0.8695652173913043,
      "support": 100.0
    },
    "accuracy": 0.812,
    "macro avg": {
      "precision": 0.8126208351011609,
      "recall": 0.8119999999999999,
      "f1-score": 0.8120110808563954,
      "support": 1000.0
    },
    "weighted avg": {
      "precision": 0.812620835101161,
      "recall": 0.812,
      "f1-score": 0.8120110808563954,
      "support": 1000.0
    }
  },
  "confusion_matrix": [
    [
      89,
      3,
      1,
      0,
      0,
      0,
      2,
      1,
      3,
      1
    ],
    [
      3,
      72,
      2,
      8,
      3,
      5,
      1,
      5,
      0,
      1
    ],
    [
      1,
      1,
      84,
      0,
      1,
      1,
      0,
      0,
      3,
      9
    ],
    [
      0,
      7,
      0,
      77,
      3,
      10,
      0,
      3,
      0,
      0
    ],
    [
      0,
      3,
      1,
      3,
      82,
      4,
      5,
      2,
      0,
      0
    ],
    [
      1,
      4,
      1,
      5,
      8,
      71,
      3,
      7,
      0,
      0
    ],
    [
      1,
      2,
      0,
      1,
      2,
      5,
      85,
      2,
      0,
      2
    ],
    [
      0,
      5,
      0,
      6,
      1,
      7,
      5,
      76,
      0,
      0
    ],
    [
      8,
      1,
      1,
      0,
      0,
      0,
      0,
      0,
      86,
      4
    ],
    [
      1,
      1,
      5,
      0,
      0,
      0,
      0,
      0,
      3,
      90
    ]
  ],
  "ckpt": "outputs_improved_convergence/exp8_improved_longer_12/checkpoints/exp8_improved_longer_12_best.pth",
  "model_name": "improved_longer_12",
  "use_bn": true,
  "dropout": 0.3,
  "optimizer": "adam",
  "lr": 0.001
}