{
  "train_loss": [
    1.770761378000653,
    1.5082649722931878,
    1.3987165374604482,
    1.285204723903111,
    1.1963279967459421,
    1.1227368376747011,
    1.0833016283928403,
    1.0139662132565936,
    0.9952702300889151,
    0.9366942812147595,
    0.8747121404087733,
    0.8576359581947327,
    0.8366506400940911,
    0.8147086916272602,
    0.7535117776053293,
    0.751448025665586,
    0.7172439951366848,
    0.6697300277815925,
    0.6357382413886842,
    0.6109020921162197,
    0.6057672522181556,
    0.5594483682465932
  ],
  "val_loss": [
    2.0788207026890344,
    1.7175145592008318,
    1.3691362959997995,
    1.5411960199901036,
    1.3202561671393258,
    1.137182913507734,
    1.09142892905644,
    1.2426269449506486,
    1.128647677557809,
    1.0316752283913748,
    0.9276670670509338,
    0.8439409140178136,
    1.1580310848781041,
    0.8077127528190613,
    1.072015038217817,
    1.1027806568145753,
    0.9239027346883502,
    0.9154352678571429,
    0.9990284987858363,
    0.935986110823495,
    0.835122572353908,
    0.9391549617903573
  ],
  "train_acc": [
    30.904761904761905,
    41.23809523809524,
    47.23809523809524,
    51.63492063492063,
    55.23809523809524,
    58.682539682539684,
    60.698412698412696,
    62.84126984126984,
    63.666666666666664,
    66.01587301587301,
    68.55555555555556,
    69.63492063492063,
    70.0,
    70.7936507936508,
    73.15873015873017,
    72.77777777777777,
    74.47619047619048,
    76.19047619047619,
    77.68253968253968,
    78.39682539682539,
    78.25396825396825,
    80.0
  ],
  "val_acc": [
    30.428571428571427,
    34.857142857142854,
    48.857142857142854,
    47.714285714285715,
    52.57142857142857,
    59.42857142857143,
    58.857142857142854,
    57.57142857142857,
    59.0,
    64.85714285714286,
    69.14285714285714,
    69.71428571428571,
    60.0,
    70.28571428571429,
    62.714285714285715,
    62.142857142857146,
    65.57142857142857,
    68.28571428571429,
    67.14285714285714,
    67.57142857142857,
    70.0,
    70.0
  ],
  "lr": [
    0.001,
    0.0009990133642141358,
    0.000996057350657239,
    0.0009911436253643444,
    0.0009842915805643156,
    0.0009755282581475769,
    0.0009648882429441258,
    0.0009524135262330099,
    0.0009381533400219318,
    0.0009221639627510075,
    0.0009045084971874736,
    0.0008852566213878945,
    0.0008644843137107056,
    0.0008422735529643443,
    0.0008187119948743448,
    0.0007938926261462366,
    0.0007679133974894982,
    0.0007408768370508576,
    0.0007128896457825362,
    0.0006840622763423389,
    0.0006545084971874735,
    0.0006243449435824271
  ]
}