{
  "accuracy": 0.695,
  "macro_f1": 0.6947552918788931,
  "weighted_f1": 0.6947552918788928,
  "classification_report": {
    "airplane": {
      "precision": 0.9315068493150684,
      "recall": 0.68,
      "f1-score": 0.7861271676300579,
      "support": 100.0
    },
    "bird": {
      "precision": 0.5343511450381679,
      "recall": 0.7,
      "f1-score": 0.6060606060606061,
      "support": 100.0
    },
    "car": {
      "precision": 0.81,
      "recall": 0.81,
      "f1-score": 0.81,
      "support": 100.0
    },
    "cat": {
      "precision": 0.6,
      "recall": 0.42,
      "f1-score": 0.49411764705882355,
      "support": 100.0
    },
    "deer": {
      "precision": 0.8472222222222222,
      "recall": 0.61,
      "f1-score": 0.7093023255813954,
      "support": 100.0
    },
    "dog": {
      "precision": 0.5566037735849056,
      "recall": 0.59,
      "f1-score": 0.5728155339805825,
      "support": 100.0
    },
    "horse": {
      "precision": 0.71,
      "recall": 0.71,
      "f1-score": 0.71,
      "support": 100.0
    },
    "monkey": {
      "precision": 0.5846153846153846,
      "recall": 0.76,
      "f1-score": 0.6608695652173913,
      "support": 100.0
    },
    "ship": {
      "precision": 0.7870370370370371,
      "recall": 0.85,
      "f1-score": 0.8173076923076923,
      "support": 100.0
    },
    "truck": {
      "precision": 0.7454545454545455,
      "recall": 0.82,
      "f1-score": 0.780952380952381,
      "support": 100.0
    },
    "accuracy": 0.695,
    "macro avg": {
      "precision": 0.7106790957267332,
      "recall": 0.695,
      "f1-score": 0.6947552918788931,
      "support": 1000.0
    },
    "weighted avg": {
      "precision": 0.710679095726733,
      "recall": 0.695,
      "f1-score": 0.6947552918788928,
      "support": 1000.0
    }
  },
  "confusion_matrix": [
    [
      68,
      10,
      3,
      0,
      0,
      1,
      1,
      1,
      9,
      7
    ],
    [
      2,
      70,
      2,
      6,
      2,
      4,
      3,
      10,
      1,
      0
    ],
    [
      0,
      3,
      81,
      0,
      0,
      0,
      4,
      1,
      3,
      8
    ],
    [
      0,
      16,
      1,
      42,
      2,
      17,
      4,
      13,
      4,
      1
    ],
    [
      0,
      11,
      2,
      6,
      61,
      5,
      7,
      8,
      0,
      0
    ],
    [
      0,
      3,
      0,
      8,
      4,
      59,
      7,
      18,
      0,
      1
    ],
    [
      0,
      6,
      1,
      1,
      3,
      11,
      71,
      3,
      0,
      4
    ],
    [
      0,
      7,
      0,
      6,
      0,
      8,
      2,
      76,
      0,
      1
    ],
    [
      3,
      3,
      2,
      1,
      0,
      0,
      0,
      0,
      85,
      6
    ],
    [
      0,
      2,
      8,
      0,
      0,
      1,
      1,
      0,
      6,
      82
    ]
  ],
  "ckpt": "../outputs_improved/exp8_improved_longer_12/checkpoints/exp8_improved_longer_12_best.pth",
  "model_name": "improved_longer_12",
  "use_bn": true,
  "dropout": 0.3,
  "optimizer": "adam",
  "lr": 0.001
}