{
  "accuracy": 0.716,
  "macro_f1": 0.7171320568643351,
  "weighted_f1": 0.717132056864335,
  "classification_report": {
    "airplane": {
      "precision": 0.8252427184466019,
      "recall": 0.85,
      "f1-score": 0.8374384236453202,
      "support": 100.0
    },
    "bird": {
      "precision": 0.6116504854368932,
      "recall": 0.63,
      "f1-score": 0.6206896551724138,
      "support": 100.0
    },
    "car": {
      "precision": 0.85,
      "recall": 0.85,
      "f1-score": 0.85,
      "support": 100.0
    },
    "cat": {
      "precision": 0.512396694214876,
      "recall": 0.62,
      "f1-score": 0.5610859728506787,
      "support": 100.0
    },
    "deer": {
      "precision": 0.7608695652173914,
      "recall": 0.7,
      "f1-score": 0.7291666666666666,
      "support": 100.0
    },
    "dog": {
      "precision": 0.5168539325842697,
      "recall": 0.46,
      "f1-score": 0.48677248677248675,
      "support": 100.0
    },
    "horse": {
      "precision": 0.7551020408163265,
      "recall": 0.74,
      "f1-score": 0.7474747474747475,
      "support": 100.0
    },
    "monkey": {
      "precision": 0.67,
      "recall": 0.67,
      "f1-score": 0.67,
      "support": 100.0
    },
    "ship": {
      "precision": 0.9411764705882353,
      "recall": 0.8,
      "f1-score": 0.8648648648648649,
      "support": 100.0
    },
    "truck": {
      "precision": 0.7706422018348624,
      "recall": 0.84,
      "f1-score": 0.8038277511961722,
      "support": 100.0
    },
    "accuracy": 0.716,
    "macro avg": {
      "precision": 0.7213934109139457,
      "recall": 0.716,
      "f1-score": 0.7171320568643351,
      "support": 1000.0
    },
    "weighted avg": {
      "precision": 0.7213934109139456,
      "recall": 0.716,
      "f1-score": 0.717132056864335,
      "support": 1000.0
    }
  },
  "confusion_matrix": [
    [
      85,
      3,
      0,
      0,
      0,
      1,
      2,
      0,
      1,
      8
    ],
    [
      3,
      63,
      0,
      14,
      2,
      4,
      4,
      8,
      2,
      0
    ],
    [
      2,
      2,
      85,
      1,
      1,
      0,
      2,
      0,
      0,
      7
    ],
    [
      0,
      13,
      1,
      62,
      1,
      10,
      1,
      10,
      1,
      1
    ],
    [
      0,
      6,
      1,
      10,
      70,
      4,
      4,
      3,
      0,
      2
    ],
    [
      0,
      7,
      0,
      21,
      11,
      46,
      7,
      8,
      0,
      0
    ],
    [
      4,
      1,
      2,
      3,
      3,
      9,
      74,
      3,
      0,
      1
    ],
    [
      0,
      5,
      0,
      7,
      3,
      14,
      3,
      67,
      0,
      1
    ],
    [
      7,
      2,
      3,
      2,
      1,
      0,
      0,
      0,
      80,
      5
    ],
    [
      2,
      1,
      8,
      1,
      0,
      1,
      1,
      1,
      1,
      84
    ]
  ],
  "ckpt": "outputs_improved/exp4_opt_sgd/checkpoints/exp4_opt_sgd_best.pth",
  "model_name": "configurable",
  "use_bn": true,
  "dropout": 0.3,
  "optimizer": "sgd",
  "lr": 0.01
}