{
  "train_loss": [
    1.7909904114405315,
    1.5617392093416245,
    1.451900908076574,
    1.366228459903172,
    1.3558133762601823,
    1.2828629908486018,
    1.2553666230610439,
    1.2024193160496062,
    1.1673183591025216,
    1.1293666429368276,
    1.120081511527773,
    1.089529916596791,
    1.054251885489812,
    1.0139648427660504,
    0.9976340824838669,
    0.9379663866285294,
    0.9400007447363838,
    0.9180433149943276,
    0.903309530341436,
    0.8790358954762656,
    0.8550750618132333,
    0.8335263456995525,
    0.8016524423304058,
    0.7877763665290106,
    0.7576117011100527,
    0.7675217709465633,
    0.7460425797719804,
    0.7208636541593643,
    0.7322333251862299,
    0.6857344201632909,
    0.6697323695061699,
    0.6620760300802806,
    0.6479325398755452,
    0.6315859061952621,
    0.6244385840400817,
    0.6010703265856183,
    0.5959839982456631,
    0.580426761687748,
    0.57669515159395,
    0.5735549473951733,
    0.5622870762196798,
    0.5565964357815092,
    0.5569302165886713,
    0.5451617851522234,
    0.5412246356313191,
    0.532130995856391,
    0.5361323671870761,
    0.5491677845281268,
    0.5213957634426298,
    0.5371108679165916
  ],
  "val_loss": [
    1.6703112397875104,
    1.4739576407841273,
    1.3937414618900843,
    1.2842176042284283,
    1.3249634395326886,
    1.2574034711292812,
    1.2120649119785853,
    1.254698737008231,
    1.029098642213004,
    1.1414625699179513,
    1.14317305292402,
    1.0491506399427142,
    1.0000025803702217,
    1.090259428024292,
    1.212710008621216,
    0.9496005422728402,
    1.1509223815373013,
    0.9653774302346366,
    0.87092271396092,
    0.9707919440950666,
    0.9612038823536464,
    0.8981791826656886,
    0.9293117260932923,
    0.8588217207363673,
    0.8637045216560364,
    0.8707843436513628,
    0.8553215500286647,
    0.8590770837238857,
    0.9009269012723651,
    0.7947562374387469,
    0.8218013702120099,
    0.8042476047788347,
    0.8065268417767116,
    0.8031120252609253,
    0.8005282010350908,
    0.8084549900463649,
    0.7757928218160357,
    0.7805435538291932,
    0.7894909514699664,
    0.7800427532196045,
    0.7688139619146075,
    0.7693315730776106,
    0.7735907895224435,
    0.7712694696017675,
    0.7569370865821838,
    0.7675798177719116,
    0.7701220529420035,
    0.7635104213442121,
    0.7633222937583923,
    0.7647698252541678
  ],
  "train_acc": [
    32.19047619047619,
    40.19047619047619,
    45.87301587301587,
    49.63492063492063,
    49.42857142857143,
    52.57142857142857,
    53.06349206349206,
    55.41269841269841,
    57.61904761904762,
    59.73015873015873,
    59.77777777777778,
    60.26984126984127,
    61.82539682539682,
    63.58730158730159,
    63.41269841269841,
    65.7936507936508,
    65.87301587301587,
    66.84126984126983,
    67.68253968253968,
    68.04761904761905,
    68.98412698412699,
    69.44444444444444,
    71.2063492063492,
    71.44444444444444,
    72.22222222222223,
    71.60317460317461,
    72.19047619047619,
    73.85714285714286,
    72.65079365079364,
    75.15873015873017,
    75.15873015873017,
    75.80952380952381,
    76.11111111111111,
    77.31746031746032,
    77.03174603174604,
    78.07936507936508,
    78.53968253968254,
    79.06349206349206,
    78.65079365079364,
    79.41269841269842,
    79.44444444444444,
    80.22222222222223,
    79.66666666666667,
    80.28571428571429,
    80.52380952380952,
    81.06349206349206,
    80.55555555555556,
    80.26984126984127,
    81.17460317460318,
    80.15873015873017
  ],
  "val_acc": [
    36.42857142857143,
    44.285714285714285,
    49.285714285714285,
    54.42857142857143,
    52.42857142857143,
    54.714285714285715,
    56.42857142857143,
    56.0,
    62.57142857142857,
    60.42857142857143,
    58.0,
    60.0,
    63.42857142857143,
    63.0,
    59.0,
    67.57142857142857,
    60.142857142857146,
    64.85714285714286,
    70.14285714285714,
    67.85714285714286,
    65.42857142857143,
    69.42857142857143,
    68.57142857142857,
    69.28571428571429,
    68.71428571428571,
    71.85714285714286,
    70.71428571428571,
    71.71428571428571,
    69.28571428571429,
    71.57142857142857,
    70.71428571428571,
    71.57142857142857,
    73.42857142857143,
    71.71428571428571,
    71.14285714285714,
    73.28571428571429,
    72.71428571428571,
    71.28571428571429,
    73.71428571428571,
    73.28571428571429,
    73.85714285714286,
    73.85714285714286,
    74.57142857142857,
    73.0,
    74.14285714285714,
    73.28571428571429,
    74.0,
    73.71428571428571,
    73.71428571428571,
    73.71428571428571
  ],
  "lr": [
    0.01,
    0.009990133642141357,
    0.009960573506572389,
    0.009911436253643442,
    0.009842915805643154,
    0.009755282581475767,
    0.009648882429441256,
    0.009524135262330098,
    0.009381533400219317,
    0.009221639627510075,
    0.009045084971874737,
    0.008852566213878947,
    0.008644843137107058,
    0.008422735529643444,
    0.00818711994874345,
    0.007938926261462368,
    0.007679133974894984,
    0.007408768370508577,
    0.0071288964578253644,
    0.0068406227634233915,
    0.006545084971874738,
    0.006243449435824274,
    0.005936906572928625,
    0.005626666167821524,
    0.005313952597646569,
    0.005000000000000002,
    0.004686047402353435,
    0.004373333832178481,
    0.0040630934270713785,
    0.0037565505641757274,
    0.0034549150281252662,
    0.0031593772365766134,
    0.0028711035421746384,
    0.002591231629491424,
    0.0023208660251050166,
    0.0020610737385376356,
    0.001812880051256552,
    0.001577264470356557,
    0.0013551568628929439,
    0.0011474337861210548,
    0.0009549150281252636,
    0.000778360372489926,
    0.0006184665997806823,
    0.0004758647376699034,
    0.0003511175705587434,
    0.00024471741852423245,
    0.00015708419435684522,
    8.856374635655642e-05,
    3.942649342761119e-05,
    9.866357858642208e-06
  ]
}