{
  "accuracy": 0.814,
  "macro_f1": 0.8149712092219732,
  "weighted_f1": 0.8149712092219733,
  "classification_report": {
    "airplane": {
      "precision": 0.875,
      "recall": 0.91,
      "f1-score": 0.8921568627450981,
      "support": 100.0
    },
    "bird": {
      "precision": 0.8235294117647058,
      "recall": 0.7,
      "f1-score": 0.7567567567567568,
      "support": 100.0
    },
    "car": {
      "precision": 0.8910891089108911,
      "recall": 0.9,
      "f1-score": 0.8955223880597015,
      "support": 100.0
    },
    "cat": {
      "precision": 0.7407407407407407,
      "recall": 0.8,
      "f1-score": 0.7692307692307693,
      "support": 100.0
    },
    "deer": {
      "precision": 0.845360824742268,
      "recall": 0.82,
      "f1-score": 0.8324873096446701,
      "support": 100.0
    },
    "dog": {
      "precision": 0.6666666666666666,
      "recall": 0.68,
      "f1-score": 0.6732673267326733,
      "support": 100.0
    },
    "horse": {
      "precision": 0.8636363636363636,
      "recall": 0.76,
      "f1-score": 0.8085106382978723,
      "support": 100.0
    },
    "monkey": {
      "precision": 0.65,
      "recall": 0.78,
      "f1-score": 0.7090909090909091,
      "support": 100.0
    },
    "ship": {
      "precision": 0.9361702127659575,
      "recall": 0.88,
      "f1-score": 0.9072164948453608,
      "support": 100.0
    },
    "truck": {
      "precision": 0.900990099009901,
      "recall": 0.91,
      "f1-score": 0.9054726368159204,
      "support": 100.0
    },
    "accuracy": 0.814,
    "macro avg": {
      "precision": 0.8193183428237495,
      "recall": 0.8139999999999998,
      "f1-score": 0.8149712092219732,
      "support": 1000.0
    },
    "weighted avg": {
      "precision": 0.8193183428237494,
      "recall": 0.814,
      "f1-score": 0.8149712092219733,
      "support": 1000.0
    }
  },
  "confusion_matrix": [
    [
      91,
      1,
      2,
      0,
      0,
      0,
      1,
      0,
      1,
      4
    ],
    [
      2,
      70,
      0,
      7,
      1,
      7,
      3,
      9,
      1,
      0
    ],
    [
      1,
      2,
      90,
      0,
      0,
      2,
      0,
      0,
      2,
      3
    ],
    [
      0,
      2,
      0,
      80,
      2,
      5,
      0,
      10,
      0,
      1
    ],
    [
      0,
      2,
      1,
      2,
      82,
      3,
      2,
      7,
      1,
      0
    ],
    [
      0,
      3,
      1,
      7,
      5,
      68,
      4,
      12,
      0,
      0
    ],
    [
      1,
      2,
      0,
      3,
      6,
      7,
      76,
      4,
      0,
      1
    ],
    [
      0,
      2,
      0,
      8,
      1,
      10,
      1,
      78,
      0,
      0
    ],
    [
      8,
      1,
      1,
      1,
      0,
      0,
      0,
      0,
      88,
      1
    ],
    [
      1,
      0,
      6,
      0,
      0,
      0,
      1,
      0,
      1,
      91
    ]
  ],
  "ckpt": "outputs_improved_e100/exp7_improved_long_9_e100p20/checkpoints/exp7_improved_long_9_e100p20_best.pth",
  "model_name": "improved_longer",
  "use_bn": true,
  "dropout": 0.3,
  "optimizer": "adam",
  "lr": 0.001
}