{
  "accuracy": 0.581,
  "macro_f1": 0.5838746137021166,
  "weighted_f1": 0.5838746137021166,
  "classification_report": {
    "airplane": {
      "precision": 0.7714285714285715,
      "recall": 0.81,
      "f1-score": 0.7902439024390244,
      "support": 100.0
    },
    "bird": {
      "precision": 0.6097560975609756,
      "recall": 0.5,
      "f1-score": 0.5494505494505495,
      "support": 100.0
    },
    "car": {
      "precision": 0.7558139534883721,
      "recall": 0.65,
      "f1-score": 0.6989247311827957,
      "support": 100.0
    },
    "cat": {
      "precision": 0.4049586776859504,
      "recall": 0.49,
      "f1-score": 0.4434389140271493,
      "support": 100.0
    },
    "deer": {
      "precision": 0.6049382716049383,
      "recall": 0.49,
      "f1-score": 0.5414364640883977,
      "support": 100.0
    },
    "dog": {
      "precision": 0.38562091503267976,
      "recall": 0.59,
      "f1-score": 0.466403162055336,
      "support": 100.0
    },
    "horse": {
      "precision": 0.5934065934065934,
      "recall": 0.54,
      "f1-score": 0.5654450261780105,
      "support": 100.0
    },
    "monkey": {
      "precision": 0.48148148148148145,
      "recall": 0.39,
      "f1-score": 0.430939226519337,
      "support": 100.0
    },
    "ship": {
      "precision": 0.7471264367816092,
      "recall": 0.65,
      "f1-score": 0.6951871657754011,
      "support": 100.0
    },
    "truck": {
      "precision": 0.6194690265486725,
      "recall": 0.7,
      "f1-score": 0.6572769953051644,
      "support": 100.0
    },
    "accuracy": 0.581,
    "macro avg": {
      "precision": 0.5974000025019844,
      "recall": 0.5810000000000002,
      "f1-score": 0.5838746137021166,
      "support": 1000.0
    },
    "weighted avg": {
      "precision": 0.5974000025019844,
      "recall": 0.581,
      "f1-score": 0.5838746137021166,
      "support": 1000.0
    }
  },
  "confusion_matrix": [
    [
      81,
      3,
      3,
      1,
      1,
      1,
      0,
      0,
      5,
      5
    ],
    [
      3,
      50,
      1,
      17,
      5,
      12,
      1,
      8,
      1,
      2
    ],
    [
      3,
      2,
      65,
      1,
      0,
      3,
      2,
      1,
      4,
      19
    ],
    [
      1,
      8,
      1,
      49,
      5,
      20,
      3,
      8,
      2,
      3
    ],
    [
      2,
      3,
      1,
      15,
      49,
      12,
      13,
      4,
      0,
      1
    ],
    [
      0,
      4,
      1,
      12,
      6,
      59,
      8,
      10,
      0,
      0
    ],
    [
      1,
      3,
      0,
      4,
      7,
      20,
      54,
      8,
      0,
      3
    ],
    [
      0,
      5,
      0,
      16,
      7,
      25,
      7,
      39,
      0,
      1
    ],
    [
      11,
      3,
      3,
      3,
      1,
      0,
      3,
      2,
      65,
      9
    ],
    [
      3,
      1,
      11,
      3,
      0,
      1,
      0,
      1,
      10,
      70
    ]
  ],
  "ckpt": "outputs_baseline\\exp0_local_baseline_e80\\checkpoints\\exp0_local_baseline_e80_best.pth",
  "model_name": "baseline"
}