{
  "train_loss": [
    1.8183766844159082,
    1.420934625882951,
    1.2211426973342896,
    1.0654155124936786,
    0.939643190777491,
    0.7538098822888873,
    0.6061445600645883,
    0.4206507353366367,
    0.29970437195565963,
    0.1906607134569259,
    0.10721402699512149,
    0.06125308199061288,
    0.05307755154276651,
    0.08832885287347295,
    0.047326962626169596,
    0.03684021663334634,
    0.03647870061061685,
    0.04178055666741871,
    0.0816398545106252,
    0.09525546107973372,
    0.06520883705407854,
    0.030281559711558714,
    0.014973730693852145
  ],
  "val_loss": [
    1.6267045899799892,
    1.4668103504180907,
    1.2864823320933751,
    1.401199073110308,
    1.2617505652563912,
    1.3334404148374286,
    1.3637214047568185,
    1.4683886875425067,
    1.5642795971461705,
    1.848499082837786,
    1.8778595978873116,
    2.103408534186227,
    2.1054996177128382,
    2.1429849447522846,
    2.3083887331826345,
    2.5238976832798548,
    2.4210102408272878,
    2.345520030430385,
    2.490739063535418,
    2.389619383130755,
    2.4109813376835416,
    2.4033751651218958,
    2.5626762090410504
  ],
  "train_acc": [
    32.87301587301587,
    47.523809523809526,
    55.0,
    62.12698412698413,
    66.31746031746032,
    72.5079365079365,
    78.53968253968254,
    85.73015873015873,
    90.07936507936508,
    93.88888888888889,
    97.25396825396825,
    98.66666666666667,
    98.76190476190476,
    97.46031746031746,
    98.6984126984127,
    99.14285714285714,
    99.17460317460318,
    99.03174603174604,
    97.63492063492063,
    96.96825396825396,
    98.31746031746032,
    99.31746031746032,
    99.71428571428571
  ],
  "val_acc": [
    42.857142857142854,
    48.714285714285715,
    52.285714285714285,
    49.285714285714285,
    54.285714285714285,
    55.857142857142854,
    56.142857142857146,
    60.42857142857143,
    59.57142857142857,
    59.0,
    60.857142857142854,
    59.285714285714285,
    59.57142857142857,
    58.142857142857146,
    56.42857142857143,
    56.57142857142857,
    59.857142857142854,
    56.42857142857143,
    55.285714285714285,
    58.57142857142857,
    58.57142857142857,
    57.57142857142857,
    58.285714285714285
  ],
  "lr": [
    0.001,
    0.0009996145181203615,
    0.000998458666866564,
    0.0009965342284774632,
    0.0009938441702975688,
    0.0009903926402016151,
    0.0009861849601988382,
    0.0009812276182268236,
    0.0009755282581475768,
    0.0009690956679612421,
    0.0009619397662556433,
    0.0009540715869125406,
    0.0009455032620941839,
    0.0009362480035363986,
    0.0009263200821770461,
    0.0009157348061512728,
    0.0009045084971874739,
    0.0008926584654403725,
    0.0008802029828000156,
    0.0008671612547178428,
    0.0008535533905932737,
    0.0008394003727664709,
    0.0008247240241650919
  ]
}