{
  "accuracy": 0.705,
  "macro_f1": 0.7052652991845624,
  "weighted_f1": 0.7052652991845623,
  "classification_report": {
    "airplane": {
      "precision": 0.8285714285714286,
      "recall": 0.87,
      "f1-score": 0.848780487804878,
      "support": 100.0
    },
    "bird": {
      "precision": 0.6082474226804123,
      "recall": 0.59,
      "f1-score": 0.5989847715736041,
      "support": 100.0
    },
    "car": {
      "precision": 0.9042553191489362,
      "recall": 0.85,
      "f1-score": 0.8762886597938144,
      "support": 100.0
    },
    "cat": {
      "precision": 0.5607476635514018,
      "recall": 0.6,
      "f1-score": 0.5797101449275363,
      "support": 100.0
    },
    "deer": {
      "precision": 0.6956521739130435,
      "recall": 0.64,
      "f1-score": 0.6666666666666666,
      "support": 100.0
    },
    "dog": {
      "precision": 0.4731182795698925,
      "recall": 0.44,
      "f1-score": 0.45595854922279794,
      "support": 100.0
    },
    "horse": {
      "precision": 0.7956989247311828,
      "recall": 0.74,
      "f1-score": 0.7668393782383419,
      "support": 100.0
    },
    "monkey": {
      "precision": 0.5932203389830508,
      "recall": 0.7,
      "f1-score": 0.6422018348623854,
      "support": 100.0
    },
    "ship": {
      "precision": 0.8541666666666666,
      "recall": 0.82,
      "f1-score": 0.8367346938775511,
      "support": 100.0
    },
    "truck": {
      "precision": 0.7619047619047619,
      "recall": 0.8,
      "f1-score": 0.7804878048780488,
      "support": 100.0
    },
    "accuracy": 0.705,
    "macro avg": {
      "precision": 0.7075582979720778,
      "recall": 0.705,
      "f1-score": 0.7052652991845624,
      "support": 1000.0
    },
    "weighted avg": {
      "precision": 0.7075582979720776,
      "recall": 0.705,
      "f1-score": 0.7052652991845623,
      "support": 1000.0
    }
  },
  "confusion_matrix": [
    [
      87,
      2,
      0,
      0,
      0,
      0,
      1,
      1,
      4,
      5
    ],
    [
      5,
      59,
      0,
      13,
      4,
      5,
      3,
      8,
      2,
      1
    ],
    [
      2,
      3,
      85,
      0,
      0,
      1,
      3,
      0,
      0,
      6
    ],
    [
      0,
      11,
      0,
      60,
      4,
      11,
      0,
      13,
      0,
      1
    ],
    [
      0,
      7,
      2,
      10,
      64,
      9,
      4,
      3,
      0,
      1
    ],
    [
      0,
      5,
      0,
      15,
      11,
      44,
      7,
      17,
      0,
      1
    ],
    [
      2,
      3,
      1,
      3,
      3,
      8,
      74,
      4,
      0,
      2
    ],
    [
      0,
      3,
      0,
      6,
      5,
      15,
      0,
      70,
      0,
      1
    ],
    [
      7,
      2,
      1,
      0,
      1,
      0,
      0,
      0,
      82,
      7
    ],
    [
      2,
      2,
      5,
      0,
      0,
      0,
      1,
      2,
      8,
      80
    ]
  ],
  "ckpt": "outputs_improved/exp4_opt_adam/checkpoints/exp4_opt_adam_best.pth",
  "model_name": "configurable",
  "use_bn": true,
  "dropout": 0.3,
  "optimizer": "adam",
  "lr": 0.001
}