{
  "train_loss": [
    2.619893058595203,
    1.7481552849875557,
    1.5891510483575246,
    1.4984607078158667,
    1.4513110701243084,
    1.40165706029014,
    1.33804467390454,
    1.3038035637613328,
    1.2512702503658477,
    1.2310001253703284,
    1.2053538399650936,
    1.1699888690312703,
    1.1358860174057976,
    1.1183464751546346,
    1.0829640137203156,
    1.0516342938892425,
    1.0553844669130112,
    1.018582630876511,
    1.0084557402323162,
    0.989489097292461,
    0.9981625568299066,
    0.9434600045945909,
    0.945866336330535,
    0.9277560627649701,
    0.9172926168214707,
    0.9016954366744511,
    0.8729487158760192,
    0.8633326317772033,
    0.844589734834338,
    0.8203924197999258,
    0.8066647610967121,
    0.8108649371540736,
    0.7910804099885245,
    0.7963841760726202,
    0.7705516854165092,
    0.765422057802715,
    0.7432250593200562,
    0.729218178287385,
    0.7364175088065011,
    0.7285109207365248,
    0.714015986900481,
    0.7063804673770118,
    0.7057370044693114,
    0.696624218736376,
    0.7044330209399027,
    0.6901455528017074,
    0.6879841332965427,
    0.6962496643217783,
    0.6829380509588453,
    0.6871297585774981
  ],
  "val_loss": [
    1.7541178975786482,
    1.6150578839438303,
    1.5923494025639124,
    1.4320257030214583,
    1.2859363753455026,
    1.3026017080034529,
    1.2703996774128505,
    1.2515697649547033,
    1.1756275231497628,
    1.1382413080760412,
    1.222607217516218,
    1.2607380076817103,
    1.0859707478114538,
    0.9808297872543335,
    1.0146170330047608,
    1.0242773369380407,
    1.0288303586414882,
    0.9330888802664621,
    0.9515667084285191,
    0.9513624600001744,
    0.9136670184135437,
    0.8679853810582843,
    0.8761420277186802,
    0.948089714390891,
    0.8939891535895211,
    0.8816540561403547,
    0.8665330457687378,
    0.8766974987302507,
    0.8989220152582441,
    0.8521469960893904,
    0.8474614882469177,
    0.8023045751026698,
    0.8366327309608459,
    0.790638279574258,
    0.7957033252716065,
    0.7882979903902326,
    0.7796922727993556,
    0.80402304989951,
    0.7789530137607029,
    0.7878046025548663,
    0.7639218619891576,
    0.7616470391409738,
    0.7707322195598058,
    0.7694389166150775,
    0.7597419721739632,
    0.7596227863856725,
    0.7587646051815577,
    0.7541956397465297,
    0.7533026950699943,
    0.7548380143301827
  ],
  "train_acc": [
    24.428571428571427,
    33.20634920634921,
    39.55555555555556,
    42.87301587301587,
    44.79365079365079,
    46.77777777777778,
    49.03174603174603,
    50.61904761904762,
    52.87301587301587,
    53.96825396825397,
    54.76190476190476,
    55.0,
    57.17460317460318,
    58.317460317460316,
    59.79365079365079,
    60.857142857142854,
    60.44444444444444,
    62.20634920634921,
    62.285714285714285,
    62.904761904761905,
    63.19047619047619,
    64.98412698412699,
    65.6984126984127,
    65.93650793650794,
    66.63492063492063,
    67.19047619047619,
    67.92063492063492,
    68.06349206349206,
    69.60317460317461,
    70.0,
    70.23809523809524,
    70.03174603174604,
    70.58730158730158,
    70.95238095238095,
    71.66666666666667,
    72.25396825396825,
    72.85714285714286,
    73.66666666666667,
    73.60317460317461,
    73.71428571428571,
    73.65079365079364,
    73.52380952380952,
    73.96825396825396,
    74.74603174603175,
    74.31746031746032,
    74.55555555555556,
    75.14285714285714,
    74.47619047619048,
    75.06349206349206,
    75.66666666666667
  ],
  "val_acc": [
    35.857142857142854,
    37.142857142857146,
    42.57142857142857,
    46.285714285714285,
    53.0,
    53.0,
    55.0,
    56.57142857142857,
    58.714285714285715,
    61.0,
    56.42857142857143,
    54.285714285714285,
    61.714285714285715,
    65.42857142857143,
    65.42857142857143,
    65.0,
    61.857142857142854,
    66.85714285714286,
    67.57142857142857,
    65.71428571428571,
    69.14285714285714,
    69.57142857142857,
    69.28571428571429,
    68.42857142857143,
    68.57142857142857,
    69.14285714285714,
    69.42857142857143,
    68.0,
    68.28571428571429,
    70.57142857142857,
    70.71428571428571,
    71.28571428571429,
    70.71428571428571,
    71.71428571428571,
    71.0,
    71.28571428571429,
    72.85714285714286,
    71.71428571428571,
    72.42857142857143,
    72.14285714285714,
    73.28571428571429,
    73.0,
    73.0,
    72.57142857142857,
    72.71428571428571,
    73.14285714285714,
    73.0,
    73.57142857142857,
    73.14285714285714,
    73.42857142857143
  ],
  "lr": [
    0.001,
    0.0009990133642141358,
    0.000996057350657239,
    0.0009911436253643444,
    0.0009842915805643156,
    0.0009755282581475769,
    0.0009648882429441258,
    0.0009524135262330099,
    0.0009381533400219318,
    0.0009221639627510075,
    0.0009045084971874736,
    0.0008852566213878945,
    0.0008644843137107056,
    0.0008422735529643443,
    0.0008187119948743448,
    0.0007938926261462366,
    0.0007679133974894982,
    0.0007408768370508576,
    0.0007128896457825362,
    0.0006840622763423389,
    0.0006545084971874735,
    0.0006243449435824271,
    0.0005936906572928622,
    0.000562666616782152,
    0.0005313952597646566,
    0.0004999999999999998,
    0.00046860474023534314,
    0.00043733338321784774,
    0.00040630934270713756,
    0.00037565505641757246,
    0.00034549150281252633,
    0.00031593772365766105,
    0.00028711035421746355,
    0.0002591231629491422,
    0.00023208660251050145,
    0.00020610737385376337,
    0.00018128800512565502,
    0.00015772644703565555,
    0.00013551568628929425,
    0.00011474337861210535,
    9.549150281252626e-05,
    7.783603724899252e-05,
    6.184665997806817e-05,
    4.7586473766990294e-05,
    3.5111757055874305e-05,
    2.4471741852423218e-05,
    1.5708419435684507e-05,
    8.856374635655634e-06,
    3.942649342761115e-06,
    9.866357858642198e-07
  ]
}