run,model,use_augmentation,use_bn,dropout,optimizer,lr,best_epoch,best_val_acc,test_accuracy,macro_f1,weighted_f1
baseline,baseline,False,False,0.0,adam,0.001,13,61.42857142857143,0.547,0.5463816535596437,0.5463816535596436
exp1_aug,baseline,True,False,0.0,adam,0.001,21,71.57142857142857,0.665,0.6687881789960147,0.6687881789960148
exp2_aug_bn,configurable,True,True,0.0,adam,0.001,43,77.14285714285714,0.717,0.7177775732790129,0.7177775732790128
exp3_aug_bn_dropout,configurable,True,True,0.3,adam,0.001,41,73.28571428571429,0.71,0.7099088253452923,0.7099088253452922
exp4_opt_adam,configurable,True,True,0.3,adam,0.001,48,73.57142857142857,0.705,0.7052652991845624,0.7052652991845623
exp4_opt_sgd,configurable,True,True,0.3,sgd,0.01,43,74.57142857142857,0.716,0.7171320568643351,0.717132056864335
exp5_best_combo,configurable,True,True,0.3,adamw,0.0008,43,75.0,0.707,0.7067271209251962,0.7067271209251962
