run,model,use_augmentation,use_bn,dropout,optimizer,lr,best_epoch,best_val_acc,test_accuracy,macro_f1,weighted_f1
baseline,baseline,False,False,0.0,adam,0.001,13,61.42857142857143,0.547,0.5463816535596437,0.5463816535596436
exp1_aug,baseline,True,False,0.0,adam,0.001,21,71.57142857142857,0.665,0.6687881789960147,0.6687881789960148
exp2_aug_bn,configurable,True,True,0.0,adam,0.001,43,77.14285714285714,0.717,0.7177775732790129,0.7177775732790128
exp3_aug_dropout,configurable,True,False,0.3,adam,0.001,40,74.14285714285714,0.69,0.6917536015988195,0.6917536015988196
exp4_aug_bn_sgd,configurable,True,True,0.0,sgd,0.01,30,74.57142857142857,0.703,0.7052176228861076,0.7052176228861076
exp5_aug_bn_lr,configurable,True,True,0.0,adam,0.0003,28,74.42857142857143,0.698,0.6958509427057211,0.6958509427057212
exp6_improved_long_6,improved_long,True,True,0.3,adam,0.001,44,82.71428571428571,0.804,0.8055460446338423,0.8055460446338423
exp7_improved_long_9,improved_longer,True,True,0.3,adam,0.001,40,81.57142857142857,0.816,0.815274534524659,0.8152745345246593
exp8_improved_longer_12,improved_longer_12,True,True,0.3,adam,0.001,14,70.28571428571429,0.695,0.6947552918788931,0.6947552918788928
