{
  "accuracy": 0.547,
  "macro_f1": 0.5463816535596437,
  "weighted_f1": 0.5463816535596436,
  "classification_report": {
    "airplane": {
      "precision": 0.7575757575757576,
      "recall": 0.75,
      "f1-score": 0.7537688442211056,
      "support": 100.0
    },
    "bird": {
      "precision": 0.36363636363636365,
      "recall": 0.52,
      "f1-score": 0.4279835390946502,
      "support": 100.0
    },
    "car": {
      "precision": 0.7391304347826086,
      "recall": 0.68,
      "f1-score": 0.7083333333333334,
      "support": 100.0
    },
    "cat": {
      "precision": 0.4520547945205479,
      "recall": 0.33,
      "f1-score": 0.3815028901734104,
      "support": 100.0
    },
    "deer": {
      "precision": 0.4621212121212121,
      "recall": 0.61,
      "f1-score": 0.5258620689655172,
      "support": 100.0
    },
    "dog": {
      "precision": 0.39325842696629215,
      "recall": 0.35,
      "f1-score": 0.37037037037037035,
      "support": 100.0
    },
    "horse": {
      "precision": 0.5576923076923077,
      "recall": 0.58,
      "f1-score": 0.5686274509803921,
      "support": 100.0
    },
    "monkey": {
      "precision": 0.46987951807228917,
      "recall": 0.39,
      "f1-score": 0.4262295081967213,
      "support": 100.0
    },
    "ship": {
      "precision": 0.6576576576576577,
      "recall": 0.73,
      "f1-score": 0.6919431279620853,
      "support": 100.0
    },
    "truck": {
      "precision": 0.7162162162162162,
      "recall": 0.53,
      "f1-score": 0.6091954022988506,
      "support": 100.0
    },
    "accuracy": 0.547,
    "macro avg": {
      "precision": 0.5569222689241252,
      "recall": 0.5469999999999999,
      "f1-score": 0.5463816535596437,
      "support": 1000.0
    },
    "weighted avg": {
      "precision": 0.5569222689241253,
      "recall": 0.547,
      "f1-score": 0.5463816535596436,
      "support": 1000.0
    }
  },
  "confusion_matrix": [
    [
      75,
      7,
      2,
      0,
      4,
      0,
      0,
      0,
      9,
      3
    ],
    [
      5,
      52,
      1,
      11,
      11,
      7,
      3,
      6,
      3,
      1
    ],
    [
      5,
      3,
      68,
      1,
      0,
      2,
      4,
      2,
      5,
      10
    ],
    [
      0,
      21,
      1,
      33,
      11,
      12,
      5,
      14,
      2,
      1
    ],
    [
      1,
      15,
      1,
      5,
      61,
      5,
      8,
      3,
      0,
      1
    ],
    [
      0,
      10,
      1,
      11,
      18,
      35,
      15,
      9,
      1,
      0
    ],
    [
      0,
      8,
      0,
      2,
      12,
      11,
      58,
      7,
      1,
      1
    ],
    [
      0,
      17,
      0,
      8,
      12,
      15,
      9,
      39,
      0,
      0
    ],
    [
      9,
      6,
      2,
      1,
      2,
      0,
      2,
      1,
      73,
      4
    ],
    [
      4,
      4,
      16,
      1,
      1,
      2,
      0,
      2,
      17,
      53
    ]
  ],
  "ckpt": "outputs_improved/baseline/checkpoints/baseline_best.pth",
  "model_name": "baseline",
  "use_bn": false,
  "dropout": 0.0,
  "optimizer": "adam",
  "lr": 0.001
}