{
  "train_loss": [
    1.8185536640409439,
    1.4232087288205586,
    1.22352351801736,
    1.0638188845013816,
    0.9283326115683904,
    0.7400244095401158,
    0.5975187325856043,
    0.41720654215131486,
    0.28313628323494444,
    0.18406475643316905,
    0.10918751850251167,
    0.04738013215717815,
    0.02424673738460692,
    0.03810144506601824,
    0.06285567853185865,
    0.10394854479602406,
    0.04532539505334127,
    0.030152744498281252,
    0.013396530918599594,
    0.006997147602960468,
    0.002634823088430696,
    0.0019909249166292805,
    0.001956042412313677
  ],
  "val_loss": [
    1.6212674536023821,
    1.4617855072021484,
    1.302467748778207,
    1.3968426895141601,
    1.2797076879228864,
    1.3015632704326086,
    1.3793183238165718,
    1.5076388038907733,
    1.5935724891935077,
    1.9173015989576068,
    1.9517672170911518,
    2.1817637770516534,
    2.1681021663120816,
    2.309623795918056,
    2.1055289363861083,
    2.44276410647801,
    2.4074545110974994,
    2.4336980615343364,
    2.448159852709089,
    2.4372547081538607,
    2.465190887451172,
    2.454009666442871,
    2.4389640699114117
  ],
  "train_acc": [
    32.79365079365079,
    47.3968253968254,
    55.34920634920635,
    61.63492063492063,
    66.80952380952381,
    73.22222222222223,
    79.0,
    86.17460317460318,
    90.96825396825396,
    94.19047619047619,
    97.15873015873017,
    98.9047619047619,
    99.71428571428571,
    99.07936507936508,
    98.2063492063492,
    96.82539682539682,
    98.85714285714286,
    99.34920634920636,
    99.9047619047619,
    99.95238095238095,
    100.0,
    100.0,
    100.0
  ],
  "val_acc": [
    42.42857142857143,
    47.57142857142857,
    51.142857142857146,
    50.0,
    55.857142857142854,
    56.857142857142854,
    56.285714285714285,
    59.714285714285715,
    58.0,
    58.285714285714285,
    59.142857142857146,
    60.0,
    61.42857142857143,
    60.142857142857146,
    59.0,
    59.0,
    58.0,
    58.857142857142854,
    59.857142857142854,
    61.0,
    59.57142857142857,
    60.57142857142857,
    60.285714285714285
  ],
  "lr": [
    0.001,
    0.0009990133642141358,
    0.000996057350657239,
    0.0009911436253643444,
    0.0009842915805643156,
    0.0009755282581475769,
    0.0009648882429441258,
    0.0009524135262330099,
    0.0009381533400219318,
    0.0009221639627510075,
    0.0009045084971874736,
    0.0008852566213878945,
    0.0008644843137107056,
    0.0008422735529643443,
    0.0008187119948743448,
    0.0007938926261462366,
    0.0007679133974894982,
    0.0007408768370508576,
    0.0007128896457825362,
    0.0006840622763423389,
    0.0006545084971874735,
    0.0006243449435824271,
    0.0005936906572928622
  ]
}