{
  "train_loss": [
    1.9213486929999457,
    1.5113965666029188,
    1.319286723030938,
    1.1560319550832112,
    1.0116667789353264,
    0.8193403250376383,
    0.6410751846366458,
    0.4689020355012682,
    0.3667309563689762,
    0.2641903358300527,
    0.15692332628038194,
    0.1344593410624398,
    0.12446996732883983,
    0.04529314354724354,
    0.03661896479129791,
    0.09891332037581338,
    0.04677728971176677,
    0.03005733008020454,
    0.009992247022688389,
    0.005224137069450485,
    0.0026758558352788287,
    0.0019765784482782085,
    0.0019533142545777892,
    0.0019802449262804455,
    0.0020447608672289385,
    0.0021608070090102655,
    0.0022802268310139575,
    0.002409262029040191,
    0.002472141301466359,
    0.0027313975513809257,
    0.0027253106464114455,
    0.0028395286608073446,
    0.002934546908156739,
    0.0028856169388939935,
    0.0028061474015315373
  ],
  "val_loss": [
    1.6728420047760009,
    1.5139478855133057,
    1.5085463314056395,
    1.502509017944336,
    1.4696918115615845,
    1.5551278648376465,
    1.6593855075836181,
    1.7433258085250853,
    1.9132868900299072,
    2.0871444606781004,
    2.5787677116394043,
    2.5632800731658936,
    2.5117308101654054,
    2.7571218757629397,
    2.805065324783325,
    2.559855306625366,
    2.908235818862915,
    2.847983510971069,
    2.949530138015747,
    2.974932548522949,
    3.000987882614136,
    3.004738910675049,
    2.9896402225494385,
    2.968650270462036,
    2.9492844161987306,
    2.943633892059326,
    2.9138970890045166,
    2.8941356964111327,
    2.890826923370361,
    2.858287551879883,
    2.8217006759643555,
    2.8249833793640136,
    2.810144704818726,
    2.787802213668823,
    2.7856269550323485
  ],
  "train_acc": [
    28.755555555555556,
    43.84444444444444,
    51.28888888888889,
    57.62222222222222,
    63.24444444444445,
    71.0,
    77.24444444444444,
    83.71111111111111,
    88.33333333333333,
    91.17777777777778,
    95.15555555555555,
    96.37777777777778,
    96.5111111111111,
    99.22222222222223,
    99.08888888888889,
    97.15555555555555,
    98.86666666666666,
    99.42222222222222,
    99.88888888888889,
    99.95555555555555,
    100.0,
    100.0,
    100.0,
    100.0,
    100.0,
    100.0,
    100.0,
    100.0,
    100.0,
    100.0,
    100.0,
    100.0,
    100.0,
    100.0,
    100.0
  ],
  "val_acc": [
    39.8,
    43.8,
    43.0,
    48.2,
    48.0,
    50.2,
    50.4,
    50.0,
    50.6,
    51.2,
    50.0,
    50.8,
    50.4,
    49.6,
    52.2,
    52.0,
    51.8,
    51.0,
    50.6,
    51.2,
    53.2,
    53.2,
    53.6,
    53.6,
    53.0,
    53.6,
    53.4,
    53.0,
    52.6,
    52.4,
    53.2,
    52.4,
    52.8,
    52.4,
    52.4
  ],
  "lr": [
    0.001,
    0.0009996145181203615,
    0.000998458666866564,
    0.0009965342284774632,
    0.0009938441702975688,
    0.0009903926402016151,
    0.0009861849601988382,
    0.0009812276182268236,
    0.0009755282581475768,
    0.0009690956679612421,
    0.0009619397662556433,
    0.0009540715869125406,
    0.0009455032620941839,
    0.0009362480035363986,
    0.0009263200821770461,
    0.0009157348061512728,
    0.0009045084971874739,
    0.0008926584654403725,
    0.0008802029828000156,
    0.0008671612547178428,
    0.0008535533905932737,
    0.0008394003727664709,
    0.0008247240241650919,
    0.000809546974654917,
    0.0007938926261462366,
    0.0007777851165098012,
    0.0007612492823579744,
    0.0007443106207484776,
    0.0007269952498697734,
    0.0007093298687687142,
    0.000691341716182545,
    0.0006730585285387465,
    0.0006545084971874737,
    0.0006357202249325371,
    0.0006167226819279528
  ]
}