{
  "accuracy": 0.54875,
  "macro_f1": 0.5490949764096091,
  "weighted_f1": 0.5490949764096091,
  "classification_report": {
    "airplane": {
      "precision": 0.7400990099009901,
      "recall": 0.7475,
      "f1-score": 0.7437810945273632,
      "support": 800.0
    },
    "bird": {
      "precision": 0.4793814432989691,
      "recall": 0.465,
      "f1-score": 0.4720812182741117,
      "support": 800.0
    },
    "car": {
      "precision": 0.7,
      "recall": 0.72625,
      "f1-score": 0.7128834355828221,
      "support": 800.0
    },
    "cat": {
      "precision": 0.3810126582278481,
      "recall": 0.37625,
      "f1-score": 0.3786163522012579,
      "support": 800.0
    },
    "deer": {
      "precision": 0.4926829268292683,
      "recall": 0.505,
      "f1-score": 0.49876543209876545,
      "support": 800.0
    },
    "dog": {
      "precision": 0.33690476190476193,
      "recall": 0.35375,
      "f1-score": 0.34512195121951217,
      "support": 800.0
    },
    "horse": {
      "precision": 0.5738125802310655,
      "recall": 0.55875,
      "f1-score": 0.5661811272957568,
      "support": 800.0
    },
    "monkey": {
      "precision": 0.4474327628361858,
      "recall": 0.4575,
      "f1-score": 0.45241038318912236,
      "support": 800.0
    },
    "ship": {
      "precision": 0.7265822784810126,
      "recall": 0.7175,
      "f1-score": 0.7220125786163522,
      "support": 800.0
    },
    "truck": {
      "precision": 0.6194926568758344,
      "recall": 0.58,
      "f1-score": 0.5990961910910265,
      "support": 800.0
    },
    "accuracy": 0.54875,
    "macro avg": {
      "precision": 0.5497401078585937,
      "recall": 0.5487500000000001,
      "f1-score": 0.5490949764096091,
      "support": 8000.0
    },
    "weighted avg": {
      "precision": 0.5497401078585935,
      "recall": 0.54875,
      "f1-score": 0.5490949764096091,
      "support": 8000.0
    }
  },
  "confusion_matrix": [
    [
      598,
      32,
      32,
      9,
      7,
      14,
      8,
      1,
      56,
      43
    ],
    [
      44,
      372,
      17,
      89,
      62,
      77,
      35,
      75,
      20,
      9
    ],
    [
      18,
      12,
      581,
      14,
      4,
      14,
      3,
      6,
      33,
      115
    ],
    [
      6,
      85,
      8,
      301,
      107,
      114,
      40,
      102,
      17,
      20
    ],
    [
      12,
      50,
      5,
      102,
      404,
      77,
      70,
      67,
      7,
      6
    ],
    [
      5,
      87,
      8,
      103,
      96,
      283,
      100,
      109,
      3,
      6
    ],
    [
      5,
      34,
      4,
      39,
      67,
      112,
      447,
      80,
      2,
      10
    ],
    [
      9,
      67,
      4,
      92,
      55,
      133,
      64,
      366,
      4,
      6
    ],
    [
      71,
      16,
      30,
      22,
      10,
      3,
      2,
      2,
      574,
      70
    ],
    [
      40,
      21,
      141,
      19,
      8,
      13,
      10,
      10,
      74,
      464
    ]
  ],
  "ckpt": "outputs_baseline\\exp0_baseline_e80\\checkpoints\\exp0_baseline_e80_best.pth",
  "model_name": "baseline"
}