{
  "accuracy": 0.559,
  "macro_f1": 0.5594369708288518,
  "weighted_f1": 0.5594369708288518,
  "classification_report": {
    "airplane": {
      "precision": 0.7722772277227723,
      "recall": 0.78,
      "f1-score": 0.7761194029850746,
      "support": 100.0
    },
    "bird": {
      "precision": 0.4838709677419355,
      "recall": 0.45,
      "f1-score": 0.46632124352331605,
      "support": 100.0
    },
    "car": {
      "precision": 0.810126582278481,
      "recall": 0.64,
      "f1-score": 0.7150837988826816,
      "support": 100.0
    },
    "cat": {
      "precision": 0.3883495145631068,
      "recall": 0.4,
      "f1-score": 0.39408866995073893,
      "support": 100.0
    },
    "deer": {
      "precision": 0.4672131147540984,
      "recall": 0.57,
      "f1-score": 0.5135135135135135,
      "support": 100.0
    },
    "dog": {
      "precision": 0.42452830188679247,
      "recall": 0.45,
      "f1-score": 0.4368932038834951,
      "support": 100.0
    },
    "horse": {
      "precision": 0.5773195876288659,
      "recall": 0.56,
      "f1-score": 0.5685279187817259,
      "support": 100.0
    },
    "monkey": {
      "precision": 0.4567901234567901,
      "recall": 0.37,
      "f1-score": 0.4088397790055249,
      "support": 100.0
    },
    "ship": {
      "precision": 0.7052631578947368,
      "recall": 0.67,
      "f1-score": 0.6871794871794872,
      "support": 100.0
    },
    "truck": {
      "precision": 0.5691056910569106,
      "recall": 0.7,
      "f1-score": 0.6278026905829597,
      "support": 100.0
    },
    "accuracy": 0.559,
    "macro avg": {
      "precision": 0.565484426898449,
      "recall": 0.559,
      "f1-score": 0.5594369708288518,
      "support": 1000.0
    },
    "weighted avg": {
      "precision": 0.565484426898449,
      "recall": 0.559,
      "f1-score": 0.5594369708288518,
      "support": 1000.0
    }
  },
  "confusion_matrix": [
    [
      78,
      2,
      0,
      1,
      3,
      1,
      0,
      0,
      9,
      6
    ],
    [
      6,
      45,
      2,
      12,
      10,
      12,
      2,
      7,
      1,
      3
    ],
    [
      2,
      3,
      64,
      2,
      0,
      1,
      3,
      2,
      4,
      19
    ],
    [
      1,
      14,
      0,
      40,
      8,
      10,
      3,
      15,
      2,
      7
    ],
    [
      2,
      5,
      1,
      14,
      57,
      6,
      10,
      4,
      0,
      1
    ],
    [
      0,
      5,
      0,
      12,
      16,
      45,
      13,
      7,
      0,
      2
    ],
    [
      1,
      6,
      0,
      4,
      11,
      13,
      56,
      7,
      0,
      2
    ],
    [
      0,
      7,
      0,
      15,
      13,
      18,
      9,
      37,
      0,
      1
    ],
    [
      8,
      5,
      3,
      1,
      3,
      0,
      0,
      1,
      67,
      12
    ],
    [
      3,
      1,
      9,
      2,
      1,
      0,
      1,
      1,
      12,
      70
    ]
  ],
  "ckpt": "outputs_baseline/baseline/checkpoints/baseline_best.pth",
  "model_name": "baseline",
  "use_bn": false,
  "dropout": 0.0,
  "optimizer": "adam",
  "lr": 0.001
}