{
  "train_loss": [
    1.8209099048281472,
    1.4201304963278392,
    1.2279516880852837,
    1.0609999139725217,
    0.9299852284174117,
    0.7398028655657692,
    0.5774629418433659,
    0.4040649139881134,
    0.28093870967153517,
    0.16645058644196345,
    0.10407386232936193,
    0.10033444470829433,
    0.09695765990113456,
    0.07274180799722671,
    0.05003877901132145,
    0.028690933164149997,
    0.06077348322090175,
    0.03456608593700424,
    0.05060539447125934,
    0.16982476936446295,
    0.055052832349661796,
    0.02019443737402085,
    0.004847901836037636,
    0.002535994953017623,
    0.0014829560263555437,
    0.0013988119480569685,
    0.0014821251370899734,
    0.001589787647734204,
    0.0017165047050054585,
    0.0018524468752984253,
    0.001990675933304287,
    0.0021536755057731793,
    0.0022700646843406415,
    0.002337715921125242,
    0.002463159078126034,
    0.0025231667064012043,
    0.002735829943761466,
    0.002791848736149924,
    0.0030168620198373756,
    0.002964660178219515,
    0.003838741197176869,
    1.0192711537224906,
    0.9427902826808747
  ],
  "val_loss": [
    1.5637553528376988,
    1.4487183346067156,
    1.2963834932872227,
    1.403887891769409,
    1.254439492906843,
    1.3418456247874668,
    1.40068719795772,
    1.524706072126116,
    1.7220330088479179,
    1.9728523758479528,
    1.9921603734152658,
    2.226008370263236,
    2.135371262686593,
    2.3340706239427838,
    2.2230523545401435,
    2.438178825378418,
    2.3181711196899415,
    2.4354723971230645,
    2.901738917487008,
    2.4355092675345285,
    2.3496845149993897,
    2.377941312789917,
    2.504209974833897,
    2.4520889718191965,
    2.443879062107631,
    2.4265701130458286,
    2.4171330206734796,
    2.374922035762242,
    2.3497288417816162,
    2.3141477625710625,
    2.28320534161159,
    2.2581141022273474,
    2.2435898535592216,
    2.1987338515690396,
    2.1709148502349853,
    2.1341961547306605,
    2.1529565743037633,
    2.1138282789502827,
    2.089794171197074,
    2.1141586835043773,
    2.0296062810080393,
    1.5808455685206821,
    1.3734261798858642
  ],
  "train_acc": [
    32.904761904761905,
    47.06349206349206,
    55.0,
    61.857142857142854,
    66.9047619047619,
    73.5079365079365,
    79.7936507936508,
    86.65079365079364,
    90.66666666666667,
    95.25396825396825,
    97.3015873015873,
    97.2063492063492,
    97.2063492063492,
    97.93650793650794,
    98.77777777777777,
    99.36507936507937,
    98.42857142857143,
    99.19047619047619,
    98.53968253968254,
    94.77777777777777,
    98.5079365079365,
    99.60317460317461,
    99.98412698412699,
    100.0,
    100.0,
    100.0,
    100.0,
    100.0,
    100.0,
    100.0,
    100.0,
    100.0,
    100.0,
    100.0,
    100.0,
    100.0,
    100.0,
    100.0,
    100.0,
    100.0,
    100.0,
    71.95238095238095,
    66.12698412698413
  ],
  "val_acc": [
    43.285714285714285,
    47.42857142857143,
    50.42857142857143,
    49.0,
    55.57142857142857,
    55.0,
    56.0,
    60.714285714285715,
    57.714285714285715,
    57.42857142857143,
    57.0,
    54.285714285714285,
    58.42857142857143,
    56.0,
    59.0,
    59.142857142857146,
    57.42857142857143,
    58.42857142857143,
    52.714285714285715,
    57.714285714285715,
    57.714285714285715,
    59.285714285714285,
    61.285714285714285,
    60.142857142857146,
    60.285714285714285,
    60.285714285714285,
    60.142857142857146,
    60.0,
    59.42857142857143,
    59.857142857142854,
    59.857142857142854,
    60.714285714285715,
    59.857142857142854,
    60.285714285714285,
    61.0,
    61.142857142857146,
    60.42857142857143,
    60.0,
    60.714285714285715,
    60.285714285714285,
    60.57142857142857,
    42.142857142857146,
    54.42857142857143
  ],
  "lr": [
    0.001,
    0.0009997532801828658,
    0.0009990133642141358,
    0.00099778098230154,
    0.000996057350657239,
    0.0009938441702975688,
    0.0009911436253643444,
    0.0009879583809693736,
    0.0009842915805643154,
    0.0009801468428384714,
    0.0009755282581475767,
    0.0009704403844771127,
    0.0009648882429441257,
    0.0009588773128419905,
    0.0009524135262330098,
    0.0009455032620941839,
    0.0009381533400219318,
    0.0009303710135019719,
    0.0009221639627510076,
    0.000913540287137281,
    0.0009045084971874739,
    0.0008950775061878453,
    0.0008852566213878948,
    0.0008750555348152299,
    0.0008644843137107058,
    0.0008535533905932738,
    0.0008422735529643445,
    0.000830655932661826,
    0.000818711994874345,
    0.0008064535268264884,
    0.0007938926261462368,
    0.0007810416889260655,
    0.0007679133974894984,
    0.0007545207078751858,
    0.0007408768370508578,
    0.0007269952498697736,
    0.0007128896457825365,
    0.0006985739453173904,
    0.0006840622763423392,
    0.0006693689601226459,
    0.0006545084971874739,
    0.0006394955530196148,
    0.0006243449435824275
  ]
}