{
  "train_loss": [
    1.6976915911265782,
    1.3975734995281885,
    1.2375398629052299,
    1.1304099618820918,
    1.0584019612509106,
    0.9863043919442191,
    0.9101993012806726,
    0.8939986921113635,
    0.8418899736707173,
    0.8046159099397205,
    0.7682954122906639,
    0.7280227753851148,
    0.6843381531654842,
    0.6405458466211955,
    0.6366485104106722,
    0.5760073426034715,
    0.5735665197599502,
    0.5427201268408034,
    0.5209492613777281,
    0.49125842446372625,
    0.44142603030280464,
    0.4012877453698052,
    0.3943558073989929,
    0.3722679009040197,
    0.3416007989928836,
    0.3293017241122231,
    0.2947207059368255,
    0.2717163555395036,
    0.24766350169030446,
    0.2403067372810273,
    0.20036438580070223,
    0.18203358367321984,
    0.1575645355194334,
    0.14832829133858758,
    0.12186949327824607,
    0.11043962914792319,
    0.10322071728252229,
    0.1030871236277005,
    0.07435715616695465,
    0.0661841444410975,
    0.06311754244187522,
    0.054090233854358155,
    0.04864215009742313,
    0.04762915923245369,
    0.04417349294064537,
    0.03997517230964842,
    0.03936748932514872,
    0.04153373529040624
  ],
  "val_loss": [
    1.5239767517362321,
    1.4621907881328038,
    1.3115292242595127,
    1.15564361844744,
    1.26333861214774,
    1.1967310346875872,
    1.0800329644339426,
    0.9690302331107004,
    0.9455514318602426,
    0.932901485647474,
    1.0666360282897949,
    1.1895082426071166,
    1.0035191297531127,
    0.8681079772540501,
    0.7586934038570949,
    0.9894618701934814,
    0.9044729804992676,
    1.0088726214000157,
    1.2616752713067192,
    0.8680882052012853,
    0.8972534149033683,
    0.925811026096344,
    0.7645783581052508,
    0.6465052798816135,
    0.76688132081713,
    0.6697800557953971,
    0.7667657858984811,
    0.6951482210840497,
    0.6967118661744254,
    0.7844599904332842,
    0.6647681822095598,
    0.6586154913902282,
    0.6653343714986528,
    0.639917892728533,
    0.6298440609659467,
    0.6283487333570208,
    0.6649585710253034,
    0.6184242609569005,
    0.6165442156791687,
    0.6186750742367336,
    0.6218796208926609,
    0.6256125790732248,
    0.6074923208781651,
    0.611824575151716,
    0.6165908374105181,
    0.619819952079228,
    0.614993987764631,
    0.6119126306261335
  ],
  "train_acc": [
    33.888888888888886,
    45.36507936507937,
    54.73015873015873,
    58.42857142857143,
    61.26984126984127,
    63.698412698412696,
    67.44444444444444,
    68.3015873015873,
    69.15873015873017,
    71.6984126984127,
    72.71428571428571,
    73.60317460317461,
    76.33333333333333,
    77.3015873015873,
    77.38095238095238,
    79.66666666666667,
    79.66666666666667,
    80.5079365079365,
    81.41269841269842,
    82.87301587301587,
    84.74603174603175,
    86.0,
    86.23809523809524,
    87.19047619047619,
    88.68253968253968,
    88.6984126984127,
    89.88888888888889,
    90.57142857142857,
    91.46031746031746,
    91.82539682539682,
    93.39682539682539,
    94.12698412698413,
    95.17460317460318,
    95.26984126984127,
    96.17460317460318,
    96.88888888888889,
    97.11111111111111,
    97.12698412698413,
    98.19047619047619,
    98.3015873015873,
    98.60317460317461,
    98.88888888888889,
    98.93650793650794,
    98.98412698412699,
    99.0952380952381,
    99.3015873015873,
    99.38095238095238,
    99.33333333333333
  ],
  "val_acc": [
    40.42857142857143,
    44.42857142857143,
    49.714285714285715,
    59.142857142857146,
    51.857142857142854,
    56.714285714285715,
    61.857142857142854,
    65.57142857142857,
    64.28571428571429,
    65.57142857142857,
    63.857142857142854,
    63.857142857142854,
    66.57142857142857,
    69.0,
    72.85714285714286,
    65.71428571428571,
    69.57142857142857,
    67.71428571428571,
    62.0,
    71.28571428571429,
    72.14285714285714,
    70.14285714285714,
    73.14285714285714,
    76.71428571428571,
    75.0,
    78.0,
    76.14285714285714,
    77.14285714285714,
    77.14285714285714,
    77.42857142857143,
    77.42857142857143,
    79.42857142857143,
    78.42857142857143,
    80.0,
    79.85714285714286,
    80.0,
    80.42857142857143,
    80.71428571428571,
    80.28571428571429,
    81.57142857142857,
    81.42857142857143,
    80.57142857142857,
    81.28571428571429,
    81.57142857142857,
    81.14285714285714,
    80.57142857142857,
    81.0,
    81.57142857142857
  ],
  "lr": [
    0.001,
    0.0009990133642141358,
    0.000996057350657239,
    0.0009911436253643444,
    0.0009842915805643156,
    0.0009755282581475769,
    0.0009648882429441258,
    0.0009524135262330099,
    0.0009381533400219318,
    0.0009221639627510075,
    0.0009045084971874736,
    0.0008852566213878945,
    0.0008644843137107056,
    0.0008422735529643443,
    0.0008187119948743448,
    0.0007938926261462366,
    0.0007679133974894982,
    0.0007408768370508576,
    0.0007128896457825362,
    0.0006840622763423389,
    0.0006545084971874735,
    0.0006243449435824271,
    0.0005936906572928622,
    0.000562666616782152,
    0.0005313952597646566,
    0.0004999999999999998,
    0.00046860474023534314,
    0.00043733338321784774,
    0.00040630934270713756,
    0.00037565505641757246,
    0.00034549150281252633,
    0.00031593772365766105,
    0.00028711035421746355,
    0.0002591231629491422,
    0.00023208660251050145,
    0.00020610737385376337,
    0.00018128800512565502,
    0.00015772644703565555,
    0.00013551568628929425,
    0.00011474337861210535,
    9.549150281252626e-05,
    7.783603724899252e-05,
    6.184665997806817e-05,
    4.7586473766990294e-05,
    3.5111757055874305e-05,
    2.4471741852423218e-05,
    1.5708419435684507e-05,
    8.856374635655634e-06
  ]
}