{
  "train_loss": [
    1.6952260243703448,
    1.4170329887904818,
    1.2233512706605214,
    1.1294537037894838,
    1.0542190711460415,
    0.9873390649235437,
    0.9089089977552021,
    0.8889361219179063,
    0.8273812403754582,
    0.8406503025690715,
    0.7522220800036475,
    0.7443049644667005,
    0.6960254163590689,
    0.6634624027827429,
    0.6718676045962743,
    0.6067576216516041,
    0.6113024411882673,
    0.5581294992234972,
    0.5465778584328909,
    0.5371694960859087,
    0.49977347213124473,
    0.46343800557984244,
    0.4526449109448327,
    0.4425358621279399,
    0.42329103439573257,
    0.4021340618814741,
    0.37885858849873616,
    0.3539972452701084,
    0.3527895874258072,
    0.32042735207648504,
    0.3286326036945222,
    0.3083399004217178,
    0.280415512399068,
    0.2624110239744186,
    0.24322825800804865,
    0.24120831020294675,
    0.24990509475980485,
    0.2284661667498331,
    0.24118659360068184,
    0.19710253827155583,
    0.16930363064720516,
    0.19445432142605856,
    0.1710145275744181,
    0.1676571450536213,
    0.13679046768990774,
    0.12258280738951668,
    0.1348845370941692,
    0.13868285507436784,
    0.11939767920781695,
    0.12162077795891535,
    0.11479704657244304,
    0.08013566347341688,
    0.08501644672855499,
    0.0774076328485731,
    0.08545538185134767,
    0.06723194358840821,
    0.06536094476306249,
    0.06011263480262151,
    0.04581259098199625,
    0.03694812093935316,
    0.039298713098442746,
    0.03834621651068566,
    0.031682362072761094,
    0.025625476203267536,
    0.03017536079126691,
    0.02585998877646431,
    0.026835945191837494,
    0.025978785462322688,
    0.022503623635995954,
    0.01800338753159084,
    0.017141826252142587,
    0.023559323057295783,
    0.02485960107001047,
    0.014970807414206248,
    0.013316368659337361,
    0.011213380419427441,
    0.008127763750297683,
    0.00962666381446142,
    0.012541802402526614,
    0.013623956759415922,
    0.008574709206346481,
    0.00870893494004295,
    0.007689311724333536,
    0.007545821017896135,
    0.007339165507564469,
    0.007091599312566576,
    0.0058408862139497485,
    0.006308603105209177,
    0.006534915038990596,
    0.00555295026314164,
    0.005969116808403106,
    0.006530449237851869,
    0.006120160794595168
  ],
  "val_loss": [
    1.5054670967374528,
    1.731542798451015,
    1.2416116912024362,
    1.2007325444902692,
    1.4087501900536674,
    1.1687177957807269,
    1.1052109507152013,
    1.0055758159501211,
    0.8933938455581665,
    0.8812596423285348,
    1.3254310253688266,
    1.1562633071626935,
    0.8923098809378488,
    0.9972499442100525,
    0.8188032358033317,
    0.8095700778279986,
    0.9331400411469596,
    0.8507080050877163,
    1.1717436599731446,
    1.2021353224345617,
    0.8895104813575745,
    1.016299217769078,
    1.022365642275129,
    0.7564038123403277,
    0.9208843990734645,
    0.841727077279772,
    0.7528910779953003,
    1.0385061536516462,
    0.8279572125843593,
    0.9445830379213606,
    0.7406518156187875,
    0.8167823083060128,
    0.7056822075162615,
    0.9389933797291347,
    0.7531678121430533,
    0.8276959524835859,
    0.818014052595411,
    0.7614391449519566,
    1.1500798572812763,
    0.7986094498634339,
    0.7211228946277074,
    0.8588491211618696,
    0.9157412058966501,
    0.7278403370720999,
    0.7620114626203265,
    0.7534337741988045,
    0.8840978581564767,
    0.755544342313494,
    0.8733884954452514,
    0.8183188237462725,
    0.8185066005161831,
    0.6919926813670567,
    0.7075769005502973,
    0.6784151121548244,
    0.8233795649664742,
    0.7105062879834856,
    0.7723260000773838,
    0.677801011630467,
    0.6936223861149379,
    0.8164538083757673,
    0.6807371899059841,
    0.8127143818991525,
    0.7093710316930498,
    0.7800670293399266,
    0.7559174067633493,
    0.7347346871239798,
    0.6837318427222115,
    0.7143924140930176,
    0.6696507235935756,
    0.6521322080067226,
    0.6802368974685669,
    0.674104710647038,
    0.6826409534045628,
    0.6703273596082415,
    0.684691413470677,
    0.6670151751382011,
    0.6602644426482064,
    0.687996576172965,
    0.6679262614250183,
    0.6719852672304426,
    0.663419302531651,
    0.6658240604400635,
    0.6835181529181344,
    0.6673872862543379,
    0.6888589651244027,
    0.6866385040964399,
    0.6778084942272731,
    0.6692743137904575,
    0.672368049280984,
    0.6699289328711373,
    0.6769706334386553,
    0.6928393922533308,
    0.6749470700536455
  ],
  "train_acc": [
    34.34920634920635,
    44.96825396825397,
    54.96825396825397,
    58.333333333333336,
    60.96825396825397,
    63.63492063492063,
    67.73015873015873,
    67.26984126984127,
    69.98412698412699,
    69.95238095238095,
    73.22222222222223,
    72.58730158730158,
    75.46031746031746,
    76.53968253968254,
    75.7936507936508,
    77.92063492063492,
    77.93650793650794,
    80.12698412698413,
    80.60317460317461,
    81.22222222222223,
    82.58730158730158,
    83.85714285714286,
    84.31746031746032,
    84.25396825396825,
    85.42857142857143,
    85.44444444444444,
    86.6984126984127,
    87.6984126984127,
    87.87301587301587,
    88.98412698412699,
    88.47619047619048,
    89.41269841269842,
    90.06349206349206,
    91.03174603174604,
    91.63492063492063,
    91.73015873015873,
    91.28571428571429,
    91.93650793650794,
    91.53968253968254,
    93.44444444444444,
    94.34920634920636,
    93.44444444444444,
    93.98412698412699,
    94.04761904761905,
    95.5079365079365,
    95.93650793650794,
    95.66666666666667,
    95.5079365079365,
    96.26984126984127,
    95.76190476190476,
    96.47619047619048,
    97.6984126984127,
    97.31746031746032,
    97.71428571428571,
    97.33333333333333,
    98.0952380952381,
    98.15873015873017,
    98.34920634920636,
    98.9047619047619,
    99.12698412698413,
    98.93650793650794,
    98.98412698412699,
    99.2063492063492,
    99.42857142857143,
    99.34920634920636,
    99.41269841269842,
    99.41269841269842,
    99.42857142857143,
    99.5079365079365,
    99.66666666666667,
    99.74603174603175,
    99.52380952380952,
    99.38095238095238,
    99.77777777777777,
    99.80952380952381,
    99.85714285714286,
    99.95238095238095,
    99.88888888888889,
    99.82539682539682,
    99.74603174603175,
    99.92063492063492,
    99.9047619047619,
    99.95238095238095,
    99.93650793650794,
    99.98412698412699,
    99.93650793650794,
    99.96825396825396,
    99.96825396825396,
    99.92063492063492,
    100.0,
    99.96825396825396,
    99.96825396825396,
    100.0
  ],