{
  "train_loss": [
    3.059308248171731,
    1.6421068376964993,
    1.4693900620748126,
    1.3312779683915397,
    1.2689947932107108,
    1.1907436316353934,
    1.1386046532979088,
    1.0854460459285313,
    1.0196855171143062,
    0.9679549775804792,
    0.943709753278702,
    0.9171193522877163,
    0.8613669162704831,
    0.8458047245797656,
    0.8231208839870634,
    0.7691108842501565,
    0.7613847993290613,
    0.7299102876299903,
    0.7019280332989163,
    0.698807200515081,
    0.666753706780691,
    0.6389016195705959,
    0.6234958863447583,
    0.600932799748012,
    0.6014204578929477,
    0.5908908852319869,
    0.5537028424512772,
    0.5243927104132516,
    0.5306598400312756,
    0.49805958774354725,
    0.4779086564836048,
    0.47707616537336317,
    0.45468714112327213,
    0.44210841928209577,
    0.43966837001225306,
    0.41287942859861587,
    0.4089549271076445,
    0.3880270405421181,
    0.39260324463011725,
    0.3810031657748752,
    0.3778438411061726,
    0.3635667580082303,
    0.3616650204242222,
    0.3620716816092294,
    0.34563587097894577,
    0.34093578893040855,
    0.34799688231377374,
    0.3492221414002161,
    0.3349889772468143,
    0.34348110726901465
  ],
  "val_loss": [
    1.7647065094539098,
    1.5090492412022183,
    1.4052821166174752,
    1.2545788185937063,
    1.3498461532592774,
    1.1712202542168753,
    1.2279913411821637,
    1.1404071017674038,
    1.0524139499664307,
    1.0415170628683907,
    1.152007735116141,
    1.0116219016483852,
    0.9938754442759923,
    0.9217097108704703,
    0.9647250086920602,
    1.0734185647964478,
    0.9631126625197274,
    0.8890913558006287,
    0.9857335867200578,
    0.9947153724942889,
    0.8890527064459665,
    0.8644584165300642,
    0.9264227959087917,
    0.8677510762214661,
    0.8547300730432783,
    0.8728077016557966,
    0.8799380224091666,
    0.8740599049840655,
    0.8715752731050764,
    0.8132421169962202,
    0.8725106954574585,
    0.804565761089325,
    0.8294330426624843,
    0.7971982952526637,
    0.7964149750982012,
    0.8182386296136038,
    0.8015481179101126,
    0.7981103260176522,
    0.7855256247520447,
    0.7749570393562317,
    0.7875193394933429,
    0.7712567186355591,
    0.7728463121822902,
    0.7802213648387364,
    0.7773823727880206,
    0.7699963794435774,
    0.7777515292167664,
    0.7705838922091893,
    0.7697739768028259,
    0.7721563952309745
  ],
  "train_acc": [
    26.063492063492063,
    39.06349206349206,
    45.95238095238095,
    51.19047619047619,
    52.857142857142854,
    56.714285714285715,
    58.25396825396825,
    60.74603174603175,
    63.42857142857143,
    65.0,
    65.68253968253968,
    66.44444444444444,
    68.31746031746032,
    69.7936507936508,
    71.14285714285714,
    72.28571428571429,
    72.77777777777777,
    73.53968253968254,
    75.03174603174604,
    74.47619047619048,
    76.28571428571429,
    77.39682539682539,
    77.77777777777777,
    78.74603174603175,
    78.95238095238095,
    79.03174603174604,
    79.85714285714286,
    82.01587301587301,
    80.80952380952381,
    82.06349206349206,
    83.22222222222223,
    82.9047619047619,
    84.28571428571429,
    85.11111111111111,
    85.07936507936508,
    86.04761904761905,
    86.23809523809524,
    87.31746031746032,
    87.71428571428571,
    87.4920634920635,
    87.63492063492063,
    87.95238095238095,
    88.01587301587301,
    87.88888888888889,
    88.68253968253968,
    88.85714285714286,
    88.61904761904762,
    88.73015873015873,
    89.22222222222223,
    89.11111111111111
  ],
  "val_acc": [
    35.42857142857143,
    42.857142857142854,
    46.857142857142854,
    53.285714285714285,
    50.0,
    56.42857142857143,
    52.857142857142854,
    59.714285714285715,
    64.0,
    62.857142857142854,
    58.42857142857143,
    64.42857142857143,
    66.0,
    69.85714285714286,
    67.42857142857143,
    63.57142857142857,
    64.71428571428571,
    71.0,
    66.57142857142857,
    67.57142857142857,
    70.14285714285714,
    72.0,
    67.42857142857143,
    71.71428571428571,
    72.42857142857143,
    70.42857142857143,
    72.0,
    71.57142857142857,
    72.28571428571429,
    73.0,
    73.0,
    73.71428571428571,
    73.85714285714286,
    73.85714285714286,
    74.0,
    74.14285714285714,
    74.85714285714286,
    73.85714285714286,
    75.14285714285714,
    75.28571428571429,
    76.14285714285714,
    75.42857142857143,
    77.14285714285714,
    75.85714285714286,
    75.71428571428571,
    75.71428571428571,
    75.57142857142857,
    76.14285714285714,
    76.0,
    76.14285714285714
  ],
  "lr": [
    0.001,
    0.0009990133642141358,
    0.000996057350657239,
    0.0009911436253643444,
    0.0009842915805643156,
    0.0009755282581475769,
    0.0009648882429441258,
    0.0009524135262330099,
    0.0009381533400219318,
    0.0009221639627510075,
    0.0009045084971874736,
    0.0008852566213878945,
    0.0008644843137107056,
    0.0008422735529643443,
    0.0008187119948743448,
    0.0007938926261462366,
    0.0007679133974894982,
    0.0007408768370508576,
    0.0007128896457825362,
    0.0006840622763423389,
    0.0006545084971874735,
    0.0006243449435824271,
    0.0005936906572928622,
    0.000562666616782152,
    0.0005313952597646566,
    0.0004999999999999998,
    0.00046860474023534314,
    0.00043733338321784774,
    0.00040630934270713756,
    0.00037565505641757246,
    0.00034549150281252633,
    0.00031593772365766105,
    0.00028711035421746355,
    0.0002591231629491422,
    0.00023208660251050145,
    0.00020610737385376337,
    0.00018128800512565502,
    0.00015772644703565555,
    0.00013551568628929425,
    0.00011474337861210535,
    9.549150281252626e-05,
    7.783603724899252e-05,
    6.184665997806817e-05,
    4.7586473766990294e-05,
    3.5111757055874305e-05,
    2.4471741852423218e-05,
    1.5708419435684507e-05,
    8.856374635655634e-06,
    3.942649342761115e-06,
    9.866357858642198e-07
  ]
}