{
  "accuracy": 0.717,
  "macro_f1": 0.7177775732790129,
  "weighted_f1": 0.7177775732790128,
  "classification_report": {
    "airplane": {
      "precision": 0.8333333333333334,
      "recall": 0.8,
      "f1-score": 0.8163265306122449,
      "support": 100.0
    },
    "bird": {
      "precision": 0.6,
      "recall": 0.63,
      "f1-score": 0.6146341463414634,
      "support": 100.0
    },
    "car": {
      "precision": 0.8936170212765957,
      "recall": 0.84,
      "f1-score": 0.865979381443299,
      "support": 100.0
    },
    "cat": {
      "precision": 0.5765765765765766,
      "recall": 0.64,
      "f1-score": 0.6066350710900474,
      "support": 100.0
    },
    "deer": {
      "precision": 0.7,
      "recall": 0.7,
      "f1-score": 0.7,
      "support": 100.0
    },
    "dog": {
      "precision": 0.5319148936170213,
      "recall": 0.5,
      "f1-score": 0.5154639175257731,
      "support": 100.0
    },
    "horse": {
      "precision": 0.7872340425531915,
      "recall": 0.74,
      "f1-score": 0.7628865979381443,
      "support": 100.0
    },
    "monkey": {
      "precision": 0.68,
      "recall": 0.68,
      "f1-score": 0.68,
      "support": 100.0
    },
    "ship": {
      "precision": 0.8636363636363636,
      "recall": 0.76,
      "f1-score": 0.8085106382978723,
      "support": 100.0
    },
    "truck": {
      "precision": 0.7457627118644068,
      "recall": 0.88,
      "f1-score": 0.8073394495412844,
      "support": 100.0
    },
    "accuracy": 0.717,
    "macro avg": {
      "precision": 0.7212074942857488,
      "recall": 0.717,
      "f1-score": 0.7177775732790129,
      "support": 1000.0
    },
    "weighted avg": {
      "precision": 0.7212074942857488,
      "recall": 0.717,
      "f1-score": 0.7177775732790128,
      "support": 1000.0
    }
  },
  "confusion_matrix": [
    [
      80,
      4,
      0,
      0,
      1,
      1,
      1,
      1,
      3,
      9
    ],
    [
      5,
      63,
      0,
      10,
      4,
      6,
      3,
      6,
      3,
      0
    ],
    [
      1,
      1,
      84,
      1,
      1,
      0,
      2,
      0,
      3,
      7
    ],
    [
      0,
      12,
      0,
      64,
      4,
      12,
      0,
      6,
      1,
      1
    ],
    [
      0,
      5,
      2,
      9,
      70,
      4,
      4,
      5,
      0,
      1
    ],
    [
      1,
      6,
      1,
      16,
      8,
      50,
      6,
      12,
      0,
      0
    ],
    [
      1,
      5,
      1,
      1,
      4,
      10,
      74,
      1,
      0,
      3
    ],
    [
      0,
      3,
      0,
      7,
      6,
      11,
      4,
      68,
      0,
      1
    ],
    [
      6,
      4,
      2,
      2,
      2,
      0,
      0,
      0,
      76,
      8
    ],
    [
      2,
      2,
      4,
      1,
      0,
      0,
      0,
      1,
      2,
      88
    ]
  ],
  "ckpt": "outputs_improved/exp2_aug_bn/checkpoints/exp2_aug_bn_best.pth",
  "model_name": "configurable",
  "use_bn": true,
  "dropout": 0.0,
  "optimizer": "adam",
  "lr": 0.001
}