{
  "train_loss": [
    1.903387718427749,
    1.559512354759943,
    1.4242739161990938,
    1.3040393600009736,
    1.2497173381230189,
    1.1962800011559138,
    1.13002345039731,
    1.0671548927019512,
    1.0073795930922977,
    0.9510842474680098,
    0.9409583672266157,
    0.8840483229122464,
    0.8372018937080625,
    0.8042363296614753,
    0.7648148686166794,
    0.706983272613041,
    0.6816455294972374,
    0.6814905739019788,
    0.6469466386901008,
    0.615781491673182,
    0.5927003456675817,
    0.5329947911368476,
    0.5410129405014099,
    0.4932405417306083,
    0.4425556826591492,
    0.4438981590952192,
    0.41334447325222073,
    0.3925400263922555,
    0.3656434851790231,
    0.34310844879301766,
    0.3160559074083964
  ],
  "val_loss": [
    1.6224322870799472,
    1.4008002628598895,
    1.3003231239318849,
    1.3823519454683577,
    1.2133525732585362,
    1.168428292274475,
    1.1174329730442591,
    1.1707917513166155,
    1.0450459119251796,
    1.0594994619914464,
    1.033947914668492,
    1.0267610359191894,
    0.9569525643757412,
    0.9791449638775417,
    0.9425812704222543,
    0.9437243941852025,
    0.9809840604237148,
    0.9190970161982945,
    0.9090930751391819,
    0.9709225150517055,
    0.9111759550230843,
    0.9624239492416382,
    0.9364453727858407,
    0.9289365100860596,
    0.98621360710689,
    0.879674859387534,
    0.9282947928564889,
    0.9297672285352434,
    0.9068484459604536,
    0.9314021526064191,
    0.9675751686096191
  ],
  "train_acc": [
    29.96825396825397,
    41.507936507936506,
    47.63492063492063,
    52.666666666666664,
    54.06349206349206,
    56.25396825396825,
    59.142857142857146,
    61.904761904761905,
    63.44444444444444,
    66.25396825396825,
    65.73015873015873,
    67.85714285714286,
    69.7936507936508,
    71.53968253968254,
    72.63492063492063,
    75.0,
    75.4920634920635,
    76.0,
    76.9047619047619,
    78.2063492063492,
    78.7936507936508,
    81.4920634920635,
    81.2063492063492,
    82.82539682539682,
    84.58730158730158,
    84.5079365079365,
    86.17460317460318,
    86.76190476190476,
    87.31746031746032,
    88.57142857142857,
    89.12698412698413
  ],
  "val_acc": [
    40.42857142857143,
    48.714285714285715,
    52.857142857142854,
    49.42857142857143,
    56.42857142857143,
    57.285714285714285,
    61.857142857142854,
    56.857142857142854,
    63.42857142857143,
    61.857142857142854,
    63.57142857142857,
    62.142857142857146,
    65.28571428571429,
    65.0,
    67.71428571428571,
    67.0,
    66.42857142857143,
    69.85714285714286,
    68.42857142857143,
    66.28571428571429,
    71.57142857142857,
    68.71428571428571,
    67.85714285714286,
    69.0,
    68.14285714285714,
    70.28571428571429,
    70.42857142857143,
    70.28571428571429,
    70.28571428571429,
    70.28571428571429,
    71.28571428571429
  ],
  "lr": [
    0.001,
    0.0009990133642141358,
    0.000996057350657239,
    0.0009911436253643444,
    0.0009842915805643156,
    0.0009755282581475769,
    0.0009648882429441258,
    0.0009524135262330099,
    0.0009381533400219318,
    0.0009221639627510075,
    0.0009045084971874736,
    0.0008852566213878945,
    0.0008644843137107056,
    0.0008422735529643443,
    0.0008187119948743448,
    0.0007938926261462366,
    0.0007679133974894982,
    0.0007408768370508576,
    0.0007128896457825362,
    0.0006840622763423389,
    0.0006545084971874735,
    0.0006243449435824271,
    0.0005936906572928622,
    0.000562666616782152,
    0.0005313952597646566,
    0.0004999999999999998,
    0.00046860474023534314,
    0.00043733338321784774,
    0.00040630934270713756,
    0.00037565505641757246,
    0.00034549150281252633
  ]
}