{
  "train_loss": [
    1.9030243412653605,
    1.5617410943621681,
    1.4202639653947617,
    1.2911673211294508,
    1.2496010127143253,
    1.1850426853270757,
    1.1335805187528096,
    1.0752545308309889,
    1.0099491125439841,
    0.9628278663423326,
    0.9606438352948143,
    0.8957960361147683,
    0.8621211947335137,
    0.8305066098864117,
    0.790453689930931,
    0.7256720074017843,
    0.7151223525546846,
    0.7077117172498552,
    0.6629703126256428,
    0.6643455479258583,
    0.6221596181203448,
    0.5826200468956478,
    0.5902755215054467,
    0.5321104782346695,
    0.4998421217146374,
    0.5003287451986282,
    0.4685190619551946,
    0.44900441014577475,
    0.4448982780131083,
    0.4209953776616899,
    0.3982737372413514,
    0.4009045347524068,
    0.36648512830809943,
    0.3735491438895937,
    0.3550506534652104,
    0.339655926473557,
    0.3190414391434382,
    0.2976659566258627,
    0.3023842992101397,
    0.3232547035860637,
    0.2690101293249736,
    0.254886436405636,
    0.2548716605371899,
    0.2418681464971058,
    0.2378556562226916,
    0.23519075153365968,
    0.21496288503919328,
    0.23136252139295851,
    0.21507135483953688,
    0.20472766094737582,
    0.19676856798785072,
    0.1899242815517244,
    0.19160890654439017,
    0.17578437205344913,
    0.1791127201678261,
    0.1973166308753074,
    0.15819761325442602,
    0.1751987367631897,
    0.17010677060437582,
    0.14933112568325466,
    0.14568658456442848,
    0.1437591964195645,
    0.14090448353025647,
    0.12403668941959502,
    0.1280120115904581,
    0.13504459181475262,
    0.13324760306922218,
    0.1270929896926123,
    0.13356573309217182,
    0.112109568710365,
    0.10635643521944682,
    0.11179301511437174,
    0.09921434042472688,
    0.09681282719922445,
    0.09615671225010403,
    0.09566980477363345,
    0.09499942843403135,
    0.08349815229574839,
    0.08872273051076465,
    0.08213381298004635,
    0.08986890986088722,
    0.07589953805719103,
    0.07909008977668626,
    0.07037571460008621
  ],
  "val_loss": [
    1.6359842715944564,
    1.3969838687351772,
    1.2956859295708794,
    1.3982946280070714,
    1.2066945041928971,
    1.134145019395011,
    1.1446714687347412,
    1.1742853689193726,
    1.0753928368432182,
    1.0610786771774292,
    1.028957828794207,
    1.0554637009756906,
    0.9528681591578892,
    0.9884650843484061,
    0.9575533900942121,
    0.9885158446856908,
    1.0229877703530448,
    0.9762453474317279,
    0.9096610382625034,
    0.9798550340107509,
    0.9776613882609776,
    1.0681387485776628,
    0.9597607231140137,
    0.947657972744533,
    1.012918235233852,
    0.9700751917702811,
    0.982789489882333,
    0.9956553404671805,
    1.0433770826884678,
    1.0299151570456369,
    1.0741180849075318,
    1.0443518733978272,
    1.1050815125874112,
    1.054451103891645,
    1.132726274217878,
    1.0283662584849766,
    0.980658324105399,
    1.0621440267562867,
    1.1767592648097447,
    1.063027263368879,
    1.1613676159722464,
    1.1905524969100951,
    1.1207268490110125,
    1.0676718616485597,
    1.116901718548366,
    1.1158009569985525,
    1.0908722925186156,
    1.1724596187046596,
    1.1819944265910558,
    1.0955282960619246,
    1.1863579750061035,
    1.1946565525872366,
    1.223466066632952,
    1.3089630467551094,
    1.1926499618802753,
    1.1355709539140975,
    1.2774667930603028,
    1.237304072380066,
    1.2978507362093243,
    1.251198047229222,
    1.1998454434531076,
    1.3019278512682233,
    1.132291419165475,
    1.2053665488106864,
    1.238120423725673,
    1.1971399211883544,
    1.2455716003690447,
    1.3236671570369176,
    1.2484868485586984,
    1.2476940883908954,
    1.3489102254595076,
    1.3157035514286586,
    1.309203999383109,
    1.240770993232727,
    1.275732899393354,
    1.2955064037867954,
    1.2158440167563302,
    1.344928515979222,
    1.3192889847074236,
    1.3192093896865844,
    1.2841388395854405,
    1.3096375404085432,
    1.3193370764596122,
    1.3552189881461008
  ],
  "train_acc": [
    29.841269841269842,
    41.666666666666664,
    47.42857142857143,
    52.714285714285715,
    54.36507936507937,
    57.04761904761905,
    58.87301587301587,
    61.26984126984127,
    62.98412698412698,
    65.26984126984127,
    64.5079365079365,
    67.06349206349206,
    68.71428571428571,
    70.0952380952381,
    71.66666666666667,
    74.28571428571429,
    74.39682539682539,
    74.34920634920636,
    76.61904761904762,
    76.66666666666667,
    77.71428571428571,
    79.58730158730158,
    79.11111111111111,
    81.76190476190476,
    82.04761904761905,
    82.3015873015873,
    83.41269841269842,
    84.47619047619048,
    84.63492063492063,
    85.01587301587301,
    86.5079365079365,
    86.07936507936508,
    86.96825396825396,
    87.01587301587301,
    87.71428571428571,
    88.3015873015873,
    89.11111111111111,
    89.96825396825396,
    89.77777777777777,
    88.52380952380952,
    90.6984126984127,
    91.26984126984127,
    90.87301587301587,
    91.63492063492063,
    92.06349206349206,
    92.03174603174604,
    92.52380952380952,
    92.5079365079365,
    92.74603174603175,
    93.23809523809524,
    93.63492063492063,
    93.76190476190476,
    93.66666666666667,
    94.01587301587301,
    94.12698412698413,
    93.22222222222223,
    94.92063492063492,
    94.11111111111111,
    94.63492063492063,
    95.06349206349206,
    95.15873015873017,
    95.25396825396825,
    95.22222222222223,
    95.88888888888889,
    95.92063492063492,
    95.53968253968254,
    95.4920634920635,
    95.58730158730158,
    95.80952380952381,
    96.46031746031746,
    96.73015873015873,
    96.46031746031746,
    96.61904761904762,
    97.04761904761905,
    96.84126984126983,
    97.01587301587301,
    96.85714285714286,
    97.66666666666667,
    97.3015873015873,
    97.42857142857143,
    96.93650793650794,
    97.60317460317461,
    97.63492063492063,
    97.98412698412699
  ],
  "val_acc": [
    39.142857142857146,
    48.42857142857143,
    52.714285714285715,
    49.42857142857143,
    57.142857142857146,
    59.57142857142857,
    59.57142857142857,
    58.57142857142857,
    61.857142857142854,
    62.142857142857146,
    64.14285714285714,
    62.0,
    65.85714285714286,
    64.71428571428571,
    68.14285714285714,
    64.42857142857143,
    64.85714285714286,
    69.57142857142857,
    68.85714285714286,
    67.0,
    68.28571428571429,
    65.14285714285714,
    66.57142857142857,
    67.14285714285714,
    68.57142857142857,
    67.28571428571429,
    66.28571428571429,
    69.57142857142857,
    69.14285714285714,
    68.57142857142857,
    68.42857142857143,
    68.42857142857143,
    65.0,
    69.14285714285714,
    67.28571428571429,
    69.57142857142857,
    70.28571428571429,
    71.0,
    65.28571428571429,
    70.14285714285714,
    68.57142857142857,
    69.57142857142857,
    70.0,
    72.0,
    70.28571428571429,
    70.57142857142857,
    71.57142857142857,
    68.14285714285714,
    69.28571428571429,
    72.71428571428571,
    69.57142857142857,
    69.42857142857143,
    69.28571428571429,
    70.0,
    70.85714285714286,
    71.71428571428571,
    70.57142857142857,
    70.71428571428571,
    68.0,
    70.57142857142857,
    70.85714285714286,
    70.42857142857143,
    71.42857142857143,
    74.0,
    71.0,
    72.57142857142857,
    70.14285714285714,
    70.0,
    70.0,
    70.28571428571429,
    68.42857142857143,
    72.14285714285714,
    70.42857142857143,
    72.42857142857143,
    71.71428571428571,
    71.71428571428571,
    70.71428571428571,
    71.0,
    70.28571428571429,
    71.28571428571429,
    71.57142857142857,
    71.42857142857143,
    70.57142857142857,
    71.85714285714286
  ],