{
  "accuracy": 0.665,
  "macro_f1": 0.6687881789960147,
  "weighted_f1": 0.6687881789960148,
  "classification_report": {
    "airplane": {
      "precision": 0.8217821782178217,
      "recall": 0.83,
      "f1-score": 0.8258706467661692,
      "support": 100.0
    },
    "bird": {
      "precision": 0.6136363636363636,
      "recall": 0.54,
      "f1-score": 0.574468085106383,
      "support": 100.0
    },
    "car": {
      "precision": 0.8295454545454546,
      "recall": 0.73,
      "f1-score": 0.776595744680851,
      "support": 100.0
    },
    "cat": {
      "precision": 0.42207792207792205,
      "recall": 0.65,
      "f1-score": 0.5118110236220472,
      "support": 100.0
    },
    "deer": {
      "precision": 0.7282608695652174,
      "recall": 0.67,
      "f1-score": 0.6979166666666666,
      "support": 100.0
    },
    "dog": {
      "precision": 0.5161290322580645,
      "recall": 0.48,
      "f1-score": 0.49740932642487046,
      "support": 100.0
    },
    "horse": {
      "precision": 0.7582417582417582,
      "recall": 0.69,
      "f1-score": 0.7225130890052356,
      "support": 100.0
    },
    "monkey": {
      "precision": 0.6063829787234043,
      "recall": 0.57,
      "f1-score": 0.5876288659793815,
      "support": 100.0
    },
    "ship": {
      "precision": 0.76,
      "recall": 0.76,
      "f1-score": 0.76,
      "support": 100.0
    },
    "truck": {
      "precision": 0.7373737373737373,
      "recall": 0.73,
      "f1-score": 0.7336683417085427,
      "support": 100.0
    },
    "accuracy": 0.665,
    "macro avg": {
      "precision": 0.6793430294639744,
      "recall": 0.665,
      "f1-score": 0.6687881789960147,
      "support": 1000.0
    },
    "weighted avg": {
      "precision": 0.6793430294639743,
      "recall": 0.665,
      "f1-score": 0.6687881789960148,
      "support": 1000.0
    }
  },
  "confusion_matrix": [
    [
      83,
      3,
      0,
      1,
      1,
      1,
      2,
      0,
      5,
      4
    ],
    [
      5,
      54,
      0,
      21,
      1,
      9,
      2,
      6,
      2,
      0
    ],
    [
      2,
      2,
      73,
      1,
      1,
      2,
      4,
      0,
      4,
      11
    ],
    [
      0,
      8,
      2,
      65,
      5,
      8,
      1,
      8,
      3,
      0
    ],
    [
      0,
      4,
      0,
      13,
      67,
      6,
      1,
      6,
      0,
      3
    ],
    [
      0,
      3,
      0,
      26,
      6,
      48,
      6,
      11,
      0,
      0
    ],
    [
      1,
      4,
      2,
      6,
      7,
      6,
      69,
      4,
      0,
      1
    ],
    [
      0,
      4,
      0,
      17,
      4,
      13,
      5,
      57,
      0,
      0
    ],
    [
      8,
      4,
      1,
      2,
      0,
      0,
      1,
      1,
      76,
      7
    ],
    [
      2,
      2,
      10,
      2,
      0,
      0,
      0,
      1,
      10,
      73
    ]
  ],
  "ckpt": "outputs_improved/exp1_aug/checkpoints/exp1_aug_best.pth",
  "model_name": "baseline",
  "use_bn": false,
  "dropout": 0.0,
  "optimizer": "adam",
  "lr": 0.001
}