{
  "accuracy": 0.698,
  "macro_f1": 0.6958509427057211,
  "weighted_f1": 0.6958509427057212,
  "classification_report": {
    "airplane": {
      "precision": 0.8252427184466019,
      "recall": 0.85,
      "f1-score": 0.8374384236453202,
      "support": 100.0
    },
    "bird": {
      "precision": 0.5583333333333333,
      "recall": 0.67,
      "f1-score": 0.6090909090909091,
      "support": 100.0
    },
    "car": {
      "precision": 0.8723404255319149,
      "recall": 0.82,
      "f1-score": 0.845360824742268,
      "support": 100.0
    },
    "cat": {
      "precision": 0.5083333333333333,
      "recall": 0.61,
      "f1-score": 0.5545454545454546,
      "support": 100.0
    },
    "deer": {
      "precision": 0.6923076923076923,
      "recall": 0.72,
      "f1-score": 0.7058823529411765,
      "support": 100.0
    },
    "dog": {
      "precision": 0.5806451612903226,
      "recall": 0.36,
      "f1-score": 0.4444444444444444,
      "support": 100.0
    },
    "horse": {
      "precision": 0.75,
      "recall": 0.72,
      "f1-score": 0.7346938775510204,
      "support": 100.0
    },
    "monkey": {
      "precision": 0.6633663366336634,
      "recall": 0.67,
      "f1-score": 0.6666666666666666,
      "support": 100.0
    },
    "ship": {
      "precision": 0.7241379310344828,
      "recall": 0.84,
      "f1-score": 0.7777777777777778,
      "support": 100.0
    },
    "truck": {
      "precision": 0.8571428571428571,
      "recall": 0.72,
      "f1-score": 0.782608695652174,
      "support": 100.0
    },
    "accuracy": 0.698,
    "macro avg": {
      "precision": 0.7031849789054202,
      "recall": 0.698,
      "f1-score": 0.6958509427057211,
      "support": 1000.0
    },
    "weighted avg": {
      "precision": 0.7031849789054201,
      "recall": 0.698,
      "f1-score": 0.6958509427057212,
      "support": 1000.0
    }
  },
  "confusion_matrix": [
    [
      85,
      1,
      0,
      0,
      1,
      0,
      2,
      1,
      7,
      3
    ],
    [
      5,
      67,
      0,
      13,
      2,
      3,
      3,
      4,
      3,
      0
    ],
    [
      1,
      3,
      82,
      0,
      1,
      0,
      3,
      0,
      8,
      2
    ],
    [
      0,
      14,
      0,
      61,
      7,
      7,
      1,
      9,
      0,
      1
    ],
    [
      0,
      11,
      1,
      5,
      72,
      3,
      2,
      4,
      0,
      2
    ],
    [
      0,
      9,
      0,
      23,
      11,
      36,
      10,
      11,
      0,
      0
    ],
    [
      2,
      6,
      1,
      2,
      6,
      5,
      72,
      4,
      0,
      2
    ],
    [
      0,
      6,
      0,
      12,
      4,
      8,
      3,
      67,
      0,
      0
    ],
    [
      8,
      2,
      2,
      2,
      0,
      0,
      0,
      0,
      84,
      2
    ],
    [
      2,
      1,
      8,
      2,
      0,
      0,
      0,
      1,
      14,
      72
    ]
  ],
  "ckpt": "outputs_improved/exp5_aug_bn_lr/checkpoints/exp5_aug_bn_lr_best.pth",
  "model_name": "configurable",
  "use_bn": true,
  "dropout": 0.0,
  "optimizer": "adam",
  "lr": 0.0003
}