{
  "train_loss": [
    1.8617667783252776,
    1.416074387156774,
    1.301635763455951,
    1.1814300917065332,
    1.109340411594936,
    1.0399314514795939,
    1.0032870927689568,
    0.9456204090421162,
    0.9056635140615796,
    0.8724295108280484,
    0.8771321321290637,
    0.827409965159401,
    0.7969537973403931,
    0.7805885642293899,
    0.7434126078136384,
    0.7051351169555906,
    0.7143039918702746,
    0.6901959995996384,
    0.6592224237275502,
    0.6458349111723521,
    0.6336514953204564,
    0.6048224673952375,
    0.6011672040205153,
    0.5869894929537698,
    0.5783957733426776,
    0.5585672018263075,
    0.5359512000424521,
    0.5201846974993509,
    0.5079850794020153,
    0.4839699669868227,
    0.4763860511779785,
    0.4647129237841046,
    0.45748612763389707,
    0.4519338635792808,
    0.446699173109872,
    0.4306133426181854
  ],
  "val_loss": [
    1.5278462539400373,
    1.4789361551829747,
    1.2807795654024396,
    1.212150101661682,
    1.149523068836757,
    1.0349542992455618,
    1.068523553439549,
    1.1761173016684396,
    0.9715682928902762,
    0.9306607430321829,
    0.9763966008595057,
    0.9529382770402091,
    0.9897820050375802,
    0.8824540649141585,
    0.9015269538334437,
    0.9252301720210484,
    0.9623836612701416,
    0.8379848102160863,
    0.8298879841395786,
    0.8723487836974008,
    0.8473707573754446,
    0.8514515038899013,
    0.8533720820290702,
    0.8324894336291722,
    0.8020869268689836,
    0.8087811061314174,
    0.8044057754107884,
    0.8025111617360796,
    0.8091372408185686,
    0.7872086194583348,
    0.8181392151968819,
    0.7817867309706552,
    0.7704144947869437,
    0.7582282846314566,
    0.7824564007350376,
    0.7922614186150687
  ],
  "train_acc": [
    33.714285714285715,
    46.96825396825397,
    51.95238095238095,
    57.6031746031746,
    59.96825396825397,
    62.698412698412696,
    64.03174603174604,
    65.76190476190476,
    67.36507936507937,
    68.80952380952381,
    69.19047619047619,
    70.47619047619048,
    71.38095238095238,
    72.3015873015873,
    73.53968253968254,
    75.11111111111111,
    74.84126984126983,
    75.61904761904762,
    76.01587301587301,
    77.33333333333333,
    76.98412698412699,
    79.0,
    78.93650793650794,
    80.04761904761905,
    79.66666666666667,
    80.60317460317461,
    81.12698412698413,
    82.14285714285714,
    82.58730158730158,
    83.47619047619048,
    84.25396825396825,
    84.58730158730158,
    84.68253968253968,
    85.3015873015873,
    84.85714285714286,
    85.76190476190476
  ],
  "val_acc": [
    41.857142857142854,
    43.57142857142857,
    53.714285714285715,
    55.285714285714285,
    59.42857142857143,
    63.142857142857146,
    63.285714285714285,
    58.0,
    65.28571428571429,
    69.14285714285714,
    65.42857142857143,
    67.14285714285714,
    64.71428571428571,
    69.14285714285714,
    68.57142857142857,
    68.57142857142857,
    65.57142857142857,
    70.14285714285714,
    70.71428571428571,
    71.28571428571429,
    70.14285714285714,
    72.0,
    70.71428571428571,
    71.14285714285714,
    72.28571428571429,
    72.57142857142857,
    72.0,
    74.42857142857143,
    73.42857142857143,
    72.42857142857143,
    71.28571428571429,
    73.14285714285714,
    72.57142857142857,
    73.85714285714286,
    73.0,
    72.0
  ],
  "lr": [
    0.0003,
    0.0002997040092642407,
    0.0002988172051971717,
    0.0002973430876093033,
    0.00029528747416929463,
    0.00029265847744427303,
    0.0002894664728832377,
    0.000285724057869903,
    0.00028144600200657956,
    0.0002766491888253023,
    0.00027135254915624217,
    0.0002655769864163684,
    0.0002593452941132117,
    0.0002526820658893033,
    0.0002456135984623034,
    0.00023816778784387096,
    0.00023037401924684944,
    0.00022226305111525726,
    0.00021386689373476087,
    0.00020521868290270169,
    0.00019635254915624208,
    0.00018730348307472816,
    0.00017810719718785867,
    0.00016879998503464564,
    0.000159418577929397,
    0.00015,
    0.000140581422070603,
    0.00013120001496535436,
    0.0001218928028121413,
    0.00011269651692527177,
    0.00010364745084375793,
    9.478131709729836e-05,
    8.61331062652391e-05,
    7.773694888474269e-05,
    6.962598075315047e-05,
    6.183221215612905e-05
  ]
}