{
  "accuracy": 0.733,
  "macro_f1": 0.7315886907590067,
  "weighted_f1": 0.7315886907590066,
  "classification_report": {
    "airplane": {
      "precision": 0.8817204301075269,
      "recall": 0.82,
      "f1-score": 0.8497409326424871,
      "support": 100.0
    },
    "bird": {
      "precision": 0.6290322580645161,
      "recall": 0.78,
      "f1-score": 0.6964285714285714,
      "support": 100.0
    },
    "car": {
      "precision": 0.8349514563106796,
      "recall": 0.86,
      "f1-score": 0.8472906403940886,
      "support": 100.0
    },
    "cat": {
      "precision": 0.6407766990291263,
      "recall": 0.66,
      "f1-score": 0.6502463054187192,
      "support": 100.0
    },
    "deer": {
      "precision": 0.73,
      "recall": 0.73,
      "f1-score": 0.73,
      "support": 100.0
    },
    "dog": {
      "precision": 0.6103896103896104,
      "recall": 0.47,
      "f1-score": 0.5310734463276836,
      "support": 100.0
    },
    "horse": {
      "precision": 0.7956989247311828,
      "recall": 0.74,
      "f1-score": 0.7668393782383419,
      "support": 100.0
    },
    "monkey": {
      "precision": 0.6435643564356436,
      "recall": 0.65,
      "f1-score": 0.6467661691542289,
      "support": 100.0
    },
    "ship": {
      "precision": 0.8636363636363636,
      "recall": 0.76,
      "f1-score": 0.8085106382978723,
      "support": 100.0
    },
    "truck": {
      "precision": 0.7288135593220338,
      "recall": 0.86,
      "f1-score": 0.7889908256880734,
      "support": 100.0
    },
    "accuracy": 0.733,
    "macro avg": {
      "precision": 0.7358583658026683,
      "recall": 0.733,
      "f1-score": 0.7315886907590067,
      "support": 1000.0
    },
    "weighted avg": {
      "precision": 0.7358583658026684,
      "recall": 0.733,
      "f1-score": 0.7315886907590066,
      "support": 1000.0
    }
  },
  "confusion_matrix": [
    [
      82,
      4,
      1,
      0,
      2,
      1,
      0,
      0,
      4,
      6
    ],
    [
      2,
      78,
      1,
      4,
      1,
      5,
      3,
      4,
      1,
      1
    ],
    [
      1,
      1,
      86,
      1,
      0,
      0,
      3,
      0,
      4,
      4
    ],
    [
      0,
      13,
      0,
      66,
      4,
      7,
      1,
      7,
      0,
      2
    ],
    [
      0,
      6,
      1,
      4,
      73,
      6,
      3,
      5,
      0,
      2
    ],
    [
      0,
      5,
      2,
      15,
      7,
      47,
      6,
      15,
      0,
      3
    ],
    [
      1,
      4,
      2,
      1,
      5,
      6,
      74,
      4,
      1,
      2
    ],
    [
      0,
      8,
      0,
      11,
      7,
      5,
      3,
      65,
      0,
      1
    ],
    [
      6,
      3,
      3,
      0,
      1,
      0,
      0,
      0,
      76,
      11
    ],
    [
      1,
      2,
      7,
      1,
      0,
      0,
      0,
      1,
      2,
      86
    ]
  ],
  "ckpt": "outputs_improved/exp5_aug_bn_lr/checkpoints/exp5_aug_bn_lr_best.pth",
  "model_name": "configurable",
  "use_bn": true,
  "dropout": 0.0,
  "optimizer": "adam",
  "lr": 0.0003
}