{
  "accuracy": 0.816,
  "macro_f1": 0.815274534524659,
  "weighted_f1": 0.8152745345246593,
  "classification_report": {
    "airplane": {
      "precision": 0.8857142857142857,
      "recall": 0.93,
      "f1-score": 0.9073170731707317,
      "support": 100.0
    },
    "bird": {
      "precision": 0.7572815533980582,
      "recall": 0.78,
      "f1-score": 0.7684729064039408,
      "support": 100.0
    },
    "car": {
      "precision": 0.9479166666666666,
      "recall": 0.91,
      "f1-score": 0.9285714285714286,
      "support": 100.0
    },
    "cat": {
      "precision": 0.6923076923076923,
      "recall": 0.81,
      "f1-score": 0.7465437788018433,
      "support": 100.0
    },
    "deer": {
      "precision": 0.8163265306122449,
      "recall": 0.8,
      "f1-score": 0.8080808080808081,
      "support": 100.0
    },
    "dog": {
      "precision": 0.7375,
      "recall": 0.59,
      "f1-score": 0.6555555555555556,
      "support": 100.0
    },
    "horse": {
      "precision": 0.7864077669902912,
      "recall": 0.81,
      "f1-score": 0.7980295566502463,
      "support": 100.0
    },
    "monkey": {
      "precision": 0.7156862745098039,
      "recall": 0.73,
      "f1-score": 0.7227722772277227,
      "support": 100.0
    },
    "ship": {
      "precision": 0.9347826086956522,
      "recall": 0.86,
      "f1-score": 0.8958333333333334,
      "support": 100.0
    },
    "truck": {
      "precision": 0.9038461538461539,
      "recall": 0.94,
      "f1-score": 0.9215686274509803,
      "support": 100.0
    },
    "accuracy": 0.816,
    "macro avg": {
      "precision": 0.8177769532740848,
      "recall": 0.8160000000000001,
      "f1-score": 0.815274534524659,
      "support": 1000.0
    },
    "weighted avg": {
      "precision": 0.8177769532740848,
      "recall": 0.816,
      "f1-score": 0.8152745345246593,
      "support": 1000.0
    }
  },
  "confusion_matrix": [
    [
      93,
      1,
      1,
      0,
      0,
      0,
      2,
      0,
      2,
      1
    ],
    [
      1,
      78,
      0,
      8,
      1,
      3,
      3,
      5,
      1,
      0
    ],
    [
      1,
      1,
      91,
      0,
      2,
      0,
      1,
      0,
      0,
      4
    ],
    [
      0,
      4,
      0,
      81,
      1,
      5,
      1,
      7,
      1,
      0
    ],
    [
      0,
      4,
      1,
      2,
      80,
      3,
      4,
      5,
      0,
      1
    ],
    [
      0,
      5,
      0,
      12,
      5,
      59,
      8,
      11,
      0,
      0
    ],
    [
      2,
      1,
      0,
      3,
      6,
      4,
      81,
      1,
      0,
      2
    ],
    [
      0,
      8,
      1,
      7,
      3,
      6,
      2,
      73,
      0,
      0
    ],
    [
      8,
      1,
      0,
      3,
      0,
      0,
      0,
      0,
      86,
      2
    ],
    [
      0,
      0,
      2,
      1,
      0,
      0,
      1,
      0,
      2,
      94
    ]
  ],
  "ckpt": "outputs_improved/exp7_improved_longer/checkpoints/exp7_improved_longer_best.pth",
  "model_name": "improved_longer",
  "use_bn": true,
  "dropout": 0.3,
  "optimizer": "adam",
  "lr": 0.001
}