{
  "accuracy": 0.711,
  "macro_f1": 0.7114590612215841,
  "weighted_f1": 0.7114590612215841,
  "classification_report": {
    "airplane": {
      "precision": 0.8349514563106796,
      "recall": 0.86,
      "f1-score": 0.8472906403940886,
      "support": 100.0
    },
    "bird": {
      "precision": 0.6019417475728155,
      "recall": 0.62,
      "f1-score": 0.6108374384236454,
      "support": 100.0
    },
    "car": {
      "precision": 0.8252427184466019,
      "recall": 0.85,
      "f1-score": 0.8374384236453202,
      "support": 100.0
    },
    "cat": {
      "precision": 0.594059405940594,
      "recall": 0.6,
      "f1-score": 0.5970149253731343,
      "support": 100.0
    },
    "deer": {
      "precision": 0.776595744680851,
      "recall": 0.73,
      "f1-score": 0.7525773195876289,
      "support": 100.0
    },
    "dog": {
      "precision": 0.5148514851485149,
      "recall": 0.52,
      "f1-score": 0.5174129353233831,
      "support": 100.0
    },
    "horse": {
      "precision": 0.7142857142857143,
      "recall": 0.75,
      "f1-score": 0.7317073170731707,
      "support": 100.0
    },
    "monkey": {
      "precision": 0.6464646464646465,
      "recall": 0.64,
      "f1-score": 0.6432160804020101,
      "support": 100.0
    },
    "ship": {
      "precision": 0.9102564102564102,
      "recall": 0.71,
      "f1-score": 0.797752808988764,
      "support": 100.0
    },
    "truck": {
      "precision": 0.7345132743362832,
      "recall": 0.83,
      "f1-score": 0.7793427230046949,
      "support": 100.0
    },
    "accuracy": 0.711,
    "macro avg": {
      "precision": 0.7153162603443112,
      "recall": 0.7110000000000001,
      "f1-score": 0.7114590612215841,
      "support": 1000.0
    },
    "weighted avg": {
      "precision": 0.715316260344311,
      "recall": 0.711,
      "f1-score": 0.7114590612215841,
      "support": 1000.0
    }
  },
  "confusion_matrix": [
    [
      86,
      5,
      0,
      0,
      0,
      0,
      2,
      0,
      2,
      5
    ],
    [
      4,
      62,
      3,
      13,
      1,
      7,
      4,
      5,
      1,
      0
    ],
    [
      3,
      1,
      85,
      0,
      1,
      0,
      2,
      0,
      1,
      7
    ],
    [
      1,
      11,
      0,
      60,
      5,
      10,
      2,
      11,
      0,
      0
    ],
    [
      0,
      3,
      2,
      4,
      73,
      8,
      3,
      4,
      1,
      2
    ],
    [
      0,
      5,
      0,
      16,
      6,
      52,
      9,
      12,
      0,
      0
    ],
    [
      2,
      2,
      1,
      1,
      6,
      9,
      75,
      2,
      0,
      2
    ],
    [
      0,
      9,
      0,
      6,
      2,
      14,
      4,
      64,
      1,
      0
    ],
    [
      7,
      2,
      2,
      1,
      0,
      1,
      2,
      0,
      71,
      14
    ],
    [
      0,
      3,
      10,
      0,
      0,
      0,
      2,
      1,
      1,
      83
    ]
  ],
  "ckpt": "outputs_improved/exp4_aug_bn_sgd/checkpoints/exp4_aug_bn_sgd_best.pth",
  "model_name": "configurable",
  "use_bn": true,
  "dropout": 0.0,
  "optimizer": "sgd",
  "lr": 0.01
}