{
  "accuracy": 0.703,
  "macro_f1": 0.7052176228861076,
  "weighted_f1": 0.7052176228861076,
  "classification_report": {
    "airplane": {
      "precision": 0.8165137614678899,
      "recall": 0.89,
      "f1-score": 0.8516746411483254,
      "support": 100.0
    },
    "bird": {
      "precision": 0.532258064516129,
      "recall": 0.66,
      "f1-score": 0.5892857142857143,
      "support": 100.0
    },
    "car": {
      "precision": 0.8673469387755102,
      "recall": 0.85,
      "f1-score": 0.8585858585858586,
      "support": 100.0
    },
    "cat": {
      "precision": 0.5555555555555556,
      "recall": 0.55,
      "f1-score": 0.5527638190954773,
      "support": 100.0
    },
    "deer": {
      "precision": 0.7415730337078652,
      "recall": 0.66,
      "f1-score": 0.6984126984126984,
      "support": 100.0
    },
    "dog": {
      "precision": 0.504424778761062,
      "recall": 0.57,
      "f1-score": 0.5352112676056338,
      "support": 100.0
    },
    "horse": {
      "precision": 0.7666666666666667,
      "recall": 0.69,
      "f1-score": 0.7263157894736842,
      "support": 100.0
    },
    "monkey": {
      "precision": 0.6777777777777778,
      "recall": 0.61,
      "f1-score": 0.6421052631578947,
      "support": 100.0
    },
    "ship": {
      "precision": 0.8315789473684211,
      "recall": 0.79,
      "f1-score": 0.8102564102564103,
      "support": 100.0
    },
    "truck": {
      "precision": 0.8172043010752689,
      "recall": 0.76,
      "f1-score": 0.7875647668393783,
      "support": 100.0
    },
    "accuracy": 0.703,
    "macro avg": {
      "precision": 0.7110899825672148,
      "recall": 0.7030000000000001,
      "f1-score": 0.7052176228861076,
      "support": 1000.0
    },
    "weighted avg": {
      "precision": 0.7110899825672146,
      "recall": 0.703,
      "f1-score": 0.7052176228861076,
      "support": 1000.0
    }
  },
  "confusion_matrix": [
    [
      89,
      1,
      0,
      0,
      1,
      1,
      0,
      1,
      3,
      4
    ],
    [
      6,
      66,
      0,
      13,
      0,
      8,
      2,
      3,
      2,
      0
    ],
    [
      1,
      2,
      85,
      0,
      1,
      0,
      2,
      0,
      4,
      5
    ],
    [
      0,
      16,
      1,
      55,
      7,
      11,
      0,
      10,
      0,
      0
    ],
    [
      0,
      8,
      2,
      6,
      66,
      8,
      5,
      4,
      1,
      0
    ],
    [
      1,
      7,
      0,
      14,
      8,
      57,
      6,
      7,
      0,
      0
    ],
    [
      1,
      6,
      1,
      3,
      2,
      15,
      69,
      1,
      0,
      2
    ],
    [
      0,
      14,
      0,
      5,
      3,
      13,
      4,
      61,
      0,
      0
    ],
    [
      8,
      1,
      1,
      3,
      1,
      0,
      0,
      1,
      79,
      6
    ],
    [
      3,
      3,
      8,
      0,
      0,
      0,
      2,
      2,
      6,
      76
    ]
  ],
  "ckpt": "outputs_improved/exp4_aug_bn_sgd/checkpoints/exp4_aug_bn_sgd_best.pth",
  "model_name": "configurable",
  "use_bn": true,
  "dropout": 0.0,
  "optimizer": "sgd",
  "lr": 0.01
}