{
  "train_loss": [
    1.7534949905910189,
    1.4677449641152034,
    1.3313207958615016,
    1.2084114730168902,
    1.1371411462057204,
    1.0996321592633687,
    1.02511188317859,
    1.0036682785125006,
    0.932374610749502,
    0.9099749505709088,
    0.8855306180318196,
    0.8361557361814711,
    0.792357436172546,
    0.7599247502523755,
    0.7422824002826025,
    0.6870517163806491,
    0.6592567212997921,
    0.6275268433207557,
    0.6392813292760697,
    0.5993420608081514,
    0.566869682395269,
    0.5356875511199709,
    0.5211060663253542,
    0.5164964477978056,
    0.47534865142807126,
    0.4480936302079095,
    0.42541278453100295,
    0.3910139662500412,
    0.3880448416301182,
    0.3604671939781734,
    0.34311392630849563,
    0.3355419839185382,
    0.32525312252460964,
    0.3002500938423096,
    0.30750875802267164,
    0.2718670687032124,
    0.26910375298015654,
    0.25115872595991406
  ],
  "val_loss": [
    1.795842206137521,
    1.5367829608917236,
    1.3648736572265625,
    1.2985348810468402,
    1.2364776263918196,
    1.3395931877408709,
    1.153594629423959,
    1.084516395841326,
    1.0066609975269862,
    0.9790290137699672,
    1.1107808140345983,
    0.9455834123066493,
    1.0411257893698556,
    0.902064550604139,
    1.0075252560206822,
    0.945970892906189,
    0.9019235627991813,
    0.8610300190108163,
    0.838781110218593,
    1.038273264339992,
    0.9063106819561549,
    0.8554029628208706,
    0.9538607869829451,
    0.9570009466579982,
    0.8339251286642893,
    0.8554132911137172,
    0.8323383164405823,
    0.8304823541641235,
    0.83825818164008,
    0.7990611471448625,
    0.8730326618467058,
    0.8487524829592024,
    0.8574445741517204,
    0.814883552959987,
    0.8067521371160234,
    0.80974953855787,
    0.8484373736381531,
    0.8254158960069928
  ],
  "train_acc": [
    34.17460317460318,
    44.63492063492063,
    50.95238095238095,
    55.44444444444444,
    58.23809523809524,
    60.04761904761905,
    62.23809523809524,
    64.04761904761905,
    65.80952380952381,
    67.17460317460318,
    67.58730158730158,
    69.63492063492063,
    71.0952380952381,
    72.98412698412699,
    73.0952380952381,
    75.31746031746032,
    76.41269841269842,
    77.14285714285714,
    77.17460317460318,
    78.74603174603175,
    79.52380952380952,
    80.66666666666667,
    81.61904761904762,
    81.60317460317461,
    83.23809523809524,
    84.41269841269842,
    84.95238095238095,
    86.39682539682539,
    86.11111111111111,
    87.44444444444444,
    88.26984126984127,
    88.84126984126983,
    88.65079365079364,
    90.04761904761905,
    89.36507936507937,
    91.19047619047619,
    91.31746031746032,
    91.47619047619048
  ],
  "val_acc": [
    34.42857142857143,
    44.57142857142857,
    50.285714285714285,
    55.142857142857146,
    57.57142857142857,
    51.285714285714285,
    61.142857142857146,
    62.0,
    63.857142857142854,
    64.85714285714286,
    61.857142857142854,
    65.71428571428571,
    64.42857142857143,
    68.71428571428571,
    66.0,
    67.14285714285714,
    68.28571428571429,
    68.57142857142857,
    71.0,
    68.42857142857143,
    69.71428571428571,
    71.0,
    68.28571428571429,
    70.42857142857143,
    72.42857142857143,
    71.85714285714286,
    71.0,
    72.85714285714286,
    72.71428571428571,
    74.57142857142857,
    73.0,
    73.71428571428571,
    73.57142857142857,
    74.42857142857143,
    74.57142857142857,
    73.85714285714286,
    73.42857142857143,
    74.14285714285714
  ],
  "lr": [
    0.01,
    0.009990133642141357,
    0.009960573506572389,
    0.009911436253643442,
    0.009842915805643154,
    0.009755282581475767,
    0.009648882429441256,
    0.009524135262330098,
    0.009381533400219317,
    0.009221639627510075,
    0.009045084971874737,
    0.008852566213878947,
    0.008644843137107058,
    0.008422735529643444,
    0.00818711994874345,
    0.007938926261462368,
    0.007679133974894984,
    0.007408768370508577,
    0.0071288964578253644,
    0.0068406227634233915,
    0.006545084971874738,
    0.006243449435824274,
    0.005936906572928625,
    0.005626666167821524,
    0.005313952597646569,
    0.005000000000000002,
    0.004686047402353435,
    0.004373333832178481,
    0.0040630934270713785,
    0.0037565505641757274,
    0.0034549150281252662,
    0.0031593772365766134,
    0.0028711035421746384,
    0.002591231629491424,
    0.0023208660251050166,
    0.0020610737385376356,
    0.001812880051256552,
    0.001577264470356557
  ]
}