{
  "train_loss": [
    2.619819939477103,
    1.7481609170399015,
    1.5978689779554094,
    1.5176793700929672,
    1.4593076922401549,
    1.4009154167629423,
    1.3438073780423119,
    1.3254827634871953,
    1.2648888616713267,
    1.2424030726296562,
    1.2122452793424092,
    1.1961579726234315,
    1.1350067934157357,
    1.1205537089847384,
    1.086175499265156,
    1.0534468587239583,
    1.0510473304703123,
    1.0249615314271714,
    1.008726613332355,
    0.9750825036139715,
    0.9769852406638009,
    0.9593237802338979,
    0.9389588516855997,
    0.9146636273368957,
    0.9025534688480317,
    0.9005029702565027,
    0.8673196195042323,
    0.856121355427636,
    0.8477655605285886,
    0.8213821463357834,
    0.8014391232293749,
    0.7998514019118415,
    0.7857663518663437,
    0.7854145651771909,
    0.7589114748107062,
    0.7507204524676006,
    0.7356079931864663,
    0.7169178510847546,
    0.7314432043877859,
    0.7127626832704695,
    0.7076522168469808,
    0.6983973968975128,
    0.690588837710638,
    0.693453773506104,
    0.6859744030331808,
    0.6768410337538946,
    0.6802949485324677,
    0.6898714739935738,
    0.6724409908718533,
    0.6771187617665245
  ],
  "val_loss": [
    1.7570176928383963,
    1.6172683811187745,
    1.551893104825701,
    1.410278878211975,
    1.288533546583993,
    1.306994559424264,
    1.2841911554336547,
    1.3080491413388933,
    1.1905984851292202,
    1.1655340038027082,
    1.1748630591801235,
    1.0918658072607859,
    1.1081595638820103,
    1.0266185556139265,
    1.02251378263746,
    1.1086549152646745,
    1.083850827898298,
    0.9678137350082398,
    0.9431728615079608,
    0.9788904970032828,
    0.9264759806224278,
    0.9296040773391724,
    0.9128911699567522,
    0.984299100126539,
    0.9136188421930586,
    0.9088539559500558,
    0.8493181310381208,
    0.9106591534614563,
    0.9485942319461278,
    0.8190219395501273,
    0.8466711919648306,
    0.8022610613277981,
    0.802712139402117,
    0.8095997885295323,
    0.806090886592865,
    0.8080765857015337,
    0.7957015763010298,
    0.8017542777742659,
    0.7821987921851022,
    0.7674407536642892,
    0.7713874847548349,
    0.7673243917737689,
    0.7700479313305446,
    0.7641604794774737,
    0.7591285637446812,
    0.7528265227590288,
    0.7563450237682887,
    0.7531997312818255,
    0.751897087778364,
    0.7534083349364145
  ],
  "train_acc": [
    24.349206349206348,
    33.41269841269841,
    39.476190476190474,
    41.17460317460318,
    44.46031746031746,
    46.74603174603175,
    49.3968253968254,
    49.98412698412698,
    52.492063492063494,
    53.285714285714285,
    54.492063492063494,
    54.34920634920635,
    57.41269841269841,
    57.98412698412698,
    59.58730158730159,
    60.77777777777778,
    60.888888888888886,
    62.20634920634921,
    62.714285714285715,
    63.58730158730159,
    64.23809523809524,
    64.85714285714286,
    65.47619047619048,
    65.6984126984127,
    66.25396825396825,
    67.12698412698413,
    67.6984126984127,
    68.63492063492063,
    69.14285714285714,
    70.01587301587301,
    70.19047619047619,
    70.14285714285714,
    70.85714285714286,
    70.53968253968254,
    72.01587301587301,
    72.4920634920635,
    73.33333333333333,
    74.0952380952381,
    73.68253968253968,
    73.92063492063492,
    74.12698412698413,
    73.92063492063492,
    74.39682539682539,
    74.87301587301587,
    74.61904761904762,
    74.84126984126983,
    75.42857142857143,
    74.5079365079365,
    75.4920634920635,
    75.57142857142857
  ],
  "val_acc": [
    35.142857142857146,
    37.857142857142854,
    42.714285714285715,
    48.285714285714285,
    52.142857142857146,
    53.285714285714285,
    52.142857142857146,
    51.714285714285715,
    57.142857142857146,
    60.142857142857146,
    59.142857142857146,
    61.42857142857143,
    61.42857142857143,
    61.42857142857143,
    64.14285714285714,
    60.857142857142854,
    59.857142857142854,
    66.57142857142857,
    66.71428571428571,
    67.42857142857143,
    67.85714285714286,
    66.85714285714286,
    69.14285714285714,
    65.42857142857143,
    67.42857142857143,
    69.57142857142857,
    69.57142857142857,
    69.28571428571429,
    65.85714285714286,
    72.71428571428571,
    70.28571428571429,
    71.85714285714286,
    71.28571428571429,
    71.14285714285714,
    70.85714285714286,
    71.57142857142857,
    71.14285714285714,
    71.0,
    72.42857142857143,
    73.0,
    73.28571428571429,
    72.71428571428571,
    73.14285714285714,
    73.28571428571429,
    73.14285714285714,
    72.28571428571429,
    72.71428571428571,
    73.0,
    73.0,
    73.28571428571429
  ],
  "lr": [
    0.001,
    0.0009990133642141358,
    0.000996057350657239,
    0.0009911436253643444,
    0.0009842915805643156,
    0.0009755282581475769,
    0.0009648882429441258,
    0.0009524135262330099,
    0.0009381533400219318,
    0.0009221639627510075,
    0.0009045084971874736,
    0.0008852566213878945,
    0.0008644843137107056,
    0.0008422735529643443,
    0.0008187119948743448,
    0.0007938926261462366,
    0.0007679133974894982,
    0.0007408768370508576,
    0.0007128896457825362,
    0.0006840622763423389,
    0.0006545084971874735,
    0.0006243449435824271,
    0.0005936906572928622,
    0.000562666616782152,
    0.0005313952597646566,
    0.0004999999999999998,
    0.00046860474023534314,
    0.00043733338321784774,
    0.00040630934270713756,
    0.00037565505641757246,
    0.00034549150281252633,
    0.00031593772365766105,
    0.00028711035421746355,
    0.0002591231629491422,
    0.00023208660251050145,
    0.00020610737385376337,
    0.00018128800512565502,
    0.00015772644703565555,
    0.00013551568628929425,
    0.00011474337861210535,
    9.549150281252626e-05,
    7.783603724899252e-05,
    6.184665997806817e-05,
    4.7586473766990294e-05,
    3.5111757055874305e-05,
    2.4471741852423218e-05,
    1.5708419435684507e-05,
    8.856374635655634e-06,
    3.942649342761115e-06,
    9.866357858642198e-07
  ]
}