{
  "accuracy": 0.71,
  "macro_f1": 0.7099088253452923,
  "weighted_f1": 0.7099088253452922,
  "classification_report": {
    "airplane": {
      "precision": 0.8317757009345794,
      "recall": 0.89,
      "f1-score": 0.8599033816425121,
      "support": 100.0
    },
    "bird": {
      "precision": 0.5779816513761468,
      "recall": 0.63,
      "f1-score": 0.6028708133971292,
      "support": 100.0
    },
    "car": {
      "precision": 0.8673469387755102,
      "recall": 0.85,
      "f1-score": 0.8585858585858586,
      "support": 100.0
    },
    "cat": {
      "precision": 0.5842696629213483,
      "recall": 0.52,
      "f1-score": 0.5502645502645502,
      "support": 100.0
    },
    "deer": {
      "precision": 0.6915887850467289,
      "recall": 0.74,
      "f1-score": 0.714975845410628,
      "support": 100.0
    },
    "dog": {
      "precision": 0.5,
      "recall": 0.45,
      "f1-score": 0.47368421052631576,
      "support": 100.0
    },
    "horse": {
      "precision": 0.7959183673469388,
      "recall": 0.78,
      "f1-score": 0.7878787878787878,
      "support": 100.0
    },
    "monkey": {
      "precision": 0.575,
      "recall": 0.69,
      "f1-score": 0.6272727272727273,
      "support": 100.0
    },
    "ship": {
      "precision": 0.8941176470588236,
      "recall": 0.76,
      "f1-score": 0.8216216216216217,
      "support": 100.0
    },
    "truck": {
      "precision": 0.8144329896907216,
      "recall": 0.79,
      "f1-score": 0.8020304568527918,
      "support": 100.0
    },
    "accuracy": 0.71,
    "macro avg": {
      "precision": 0.7132431743150798,
      "recall": 0.7100000000000001,
      "f1-score": 0.7099088253452923,
      "support": 1000.0
    },
    "weighted avg": {
      "precision": 0.7132431743150798,
      "recall": 0.71,
      "f1-score": 0.7099088253452922,
      "support": 1000.0
    }
  },
  "confusion_matrix": [
    [
      89,
      3,
      0,
      0,
      0,
      0,
      1,
      1,
      2,
      4
    ],
    [
      5,
      63,
      0,
      12,
      3,
      4,
      3,
      8,
      2,
      0
    ],
    [
      2,
      2,
      85,
      0,
      1,
      1,
      4,
      1,
      0,
      4
    ],
    [
      0,
      12,
      0,
      52,
      8,
      13,
      0,
      15,
      0,
      0
    ],
    [
      0,
      7,
      2,
      4,
      74,
      3,
      3,
      6,
      0,
      1
    ],
    [
      0,
      9,
      0,
      13,
      12,
      45,
      8,
      13,
      0,
      0
    ],
    [
      1,
      3,
      0,
      1,
      4,
      8,
      78,
      5,
      0,
      0
    ],
    [
      0,
      4,
      0,
      6,
      4,
      16,
      0,
      69,
      0,
      1
    ],
    [
      8,
      4,
      2,
      1,
      1,
      0,
      0,
      0,
      76,
      8
    ],
    [
      2,
      2,
      9,
      0,
      0,
      0,
      1,
      2,
      5,
      79
    ]
  ],
  "ckpt": "outputs_improved/exp3_aug_bn_dropout/checkpoints/exp3_aug_bn_dropout_best.pth",
  "model_name": "configurable",
  "use_bn": true,
  "dropout": 0.3,
  "optimizer": "adam",
  "lr": 0.001
}